Article S/N,Country Code,Country,Region,Date,Journal,h Index,Title,,Full Article,Primary or review article,Was the work done locally?,Were the flies sourced locally?,"If sourced abroad, where?",Is it transgenic?,Model,A,Is it Neuroscience oriented?,Number of affiliated institutions,Intra collaboration,Name of local institution 1,First Author's Institution,,Name of local institution 2,,Name of local institution 3,Name of local institution 4,External collaboration 1,EC,Internal Colaboration,IC,IEC,Country of external collaboration 1,Country of external collaboration 2,Country of external collaboration 3,Number of Funders,Funded/Not funded,Funding,Local Funder 1,Local Funder_1,Local Funder_1_Country,Local Funder 2,Local Funder_2,Local Funder_2_Country,International Funder 1,International Funder_1,International Funder_1_Country,International Funder 2,International Funder_2,International Funder_2_Country,International Funder 3,International Funder_3,International Funder_3_Country,
1,1,Algeria,North Africa,2019,Sci Rep,,Transgenerational Effects From Single Larval Exposure to Azadirachtin on Life History and Behavior Traits of Drosophila Melanogaster,18,1,Primary,1,0,FRANCE,0,Fruit flies,"M Ferdenache , R Bezzar-Bendjazia , F Marion-Poll , S Kilani-Morakchi ",0,3,0,"Badji Mokhtar University of Annaba, Algeria","BMU Annaba, Algeria",8,,,,,1,1,,,1,FRANCE,,,4,1,3,National Fund for Scientific Research of Algeria,AFFSR Algeria,Algeria,Ministry of Higher Education and Scientific Research of Algeria ,"MHESR, Algeria","MHESR, Algeria",Algerian-French Bilateral cooperation PROFAS B+,PROFAS B+,France,the doctoral school ABIES,PD-ABIES,France,,,,
2,1,Algeria,North Africa,2018,Pest Manag Sci,,"Azadirachtin Effects on Mating Success, Gametic Abnormalities and Progeny Survival in Drosophila Melanogaster (Diptera)",30,1,Primary,1,0,FRANCE,0,Fruit flies,"Chemseddine M Oulhaci 1, Béatrice Denis 2, Samira Kilani-Morakchi 1, Jean-Christophe Sandoz 2, Laure Kaiser 2, Dominique Joly 2, Nadia Aribi 1",0,2,0,"Badji Mokhtar University of Annaba, Algeria","BMU Annaba, Algeria",8,,,,,1,1,,,1,FRANCE,,,2,1,3,National Fund for Scientific Research of Algeria,AFFSR Algeria,Algeria,,,,"Institute Diversity, Evolution, Ecology of the Living.",IDEEV,France,,,,,,,
3,1,Algeria,North Africa,2017,Pestic Biochem Physiol,,Preimaginal Exposure to Azadirachtin Affects Food Selection and Digestive Enzymes in Adults of Drosophila Melanogaster (Diptera: Drosophilidae),20,1,Primary,1,1,,0,Fruit flies,"Samira Kilani-Morakchi , Radia Bezzar-Bendjazia , Maroua Ferdenache , Nadia Aribi ",0,1,1,"Badji Mokhtar University of Annaba, Algeria","BMU Annaba, Algeria",8,,,,,,,,,0,,,,2,1,1,National Fund for Scientific Research of Algeria,AFFSR Algeria,Algeria,Ministry of Higher Education and Scientific Research of Algeria ,"MHESR, Algeria","MHESR, Algeria",,,,,,,,,,
4,1,Algeria,North Africa,2017,Pestic Biochem Physiol,,Azadirachtin Induced Larval Avoidance and Antifeeding by Disruption of Food Intake and Digestive Enzymes in Drosophila Melanogaster (Diptera: Drosophilidae),55,1,Primary,1,1,,0,Fruit flies,"Radia Bezzar-Bendjazia , Samira Kilani-Morakchi , Ferdenache Maroua , Nadia Aribi ",0,1,0,"Badji Mokhtar University of Annaba, Algeria","BMU Annaba, Algeria",8,,,,,,,,,0,,,,2,1,1,National Fund for Scientific Research of Algeria,AFFSR Algeria,Algeria,Ministry of Higher Education and Scientific Research of Algeria ,"MHESR, Algeria","MHESR, Algeria",,,,,,,,,,
5,1,Algeria,North Africa,2017,Pestic Biochem Physiol,,"Azadirachtin Impact on Mate Choice, Female Sexual Receptivity and Male Activity in Drosophila Melanogaster (Diptera: Drosophilidae)",14,1,Primary,1,0,FRANCE,0,Fruit flies,"N Aribi , M C Oulhaci , S Kilani-Morakchi , J C Sandoz , L Kaiser , B Denis , D Joly ",0,2,0,"Badji Mokhtar University of Annaba, Algeria","BMU Annaba, Algeria",8,,,,,1,1,,,1,FRANCE,,,2,1,3,National Fund for Scientific Research of Algeria,AFFSR Algeria,Algeria,,,,"Institute Diversity, Evolution, Ecology of the Living.",IDEEV,,,,,,,,
6,1,Algeria,North Africa,2017,Sci Rep,,Maternally-transmitted Microbiota Affects Odor Emission and Preference in Drosophila Larva,30,1,Primary,0,0,FRANCE,0,Fruit flies,"Jean-Pierre Farine , Wafa Habbachi , Jérôme Cortot , Suzy Roche , Jean-François Ferveur ",1,2,0,"Badji Mokhtar University of Annaba, Algeria","BMU Annaba, Algeria",8,,,,,,1,,,1,FRANCE,,,,0,0,,,,,,,,,,,,,,,,
7,1,Algeria,North Africa,2016,Pestic Biochem Physiol,,Larval Exposure to Azadirachtin Affects Fitness and Oviposition Site Preference of Drosophila Melanogaster,29,1,Primary,1,1,,0,Fruit flies,"Radia Bezzar-Bendjazia , Samira Kilani-Morakchi , Nadia Aribi ",0,1,0,"Badji Mokhtar University of Annaba, Algeria","BMU Annaba, Algeria",8,,,,,,,,,0,,,,2,1,1,National Fund for Scientific Research of Algeria,AFFSR Algeria,Algeria,Ministry of Higher Education and Scientific Research of Algeria ,"MHESR, Algeria","MHESR, Algeria",,,,,,,,,,
146,1,Algeria,North Africa,2020,Comp Biochem Physiol C Toxicol Pharmacol,,Evaluation of the pesticide Oberon on a model organism Drosophila melanogaster via topical toxicity test on biochemical and reproductive parameters,11,1,1,1,0,FRANCE,0,Fruit flies,"Kissoum N, Bensafi-Gheraibia H, Hamida ZC, Soltani N.",0,1,0,"Badji Mokhtar University of Annaba, Algeria","BMU Annaba, Algeria",8,,,,,,0,,,0,Cameroon,Kenya,USA,2,1,1,The National Fund for Scientific Research of Algeria,,Algeria,Ministry of Higher Education and Scientific Research of Algeria,,Algeria,,,,,,,,,,
8,3,Benin,West Africa,2019,Environ Entomol,,"Fruit Preference, Parasitism, and Offspring Fitness of Fopius Arisanus (Hymenoptera: Braconidae) Exposed to Bactrocera Dorsalis' (Diptera: Tephritidae) Infested Fruit Species",8,1,Primary,1,0,CAMEROON,0,Fruit flies,"S Nanga Nanga , R Hanna , D Gnanvossou , A Fotso Kuate , K K M Fiaboe , C Djieto-Lordon ",1,3,0,"International Institute of Tropical Agriculture Cotonou, Republic of Benin","IITA Cotonou, Benin",6,"International Institute of Tropical Agriculture  Yaoundé, Cameroon","IITA  Yaoundé, Cameroon",,,,,,2,2,,,,,0,0,,,,,,,,,,,,,,,,
9,3,Benin,West Africa,2018,Insects,,Detection of Volatile Constituents From Food Lures by Tephritid Fruit Flies,27,1,Primary,1,0,SWEDEN,0,Fruit flies,"Tibebe Dejene Biasazin , Haimanot Teklemariam Chernet , Sebastian Larsson Herrera , Marie Bengtsson , Miriam Frida Karlsson , Joelle Kristin Lemmen-Lechelt , Teun Dekker ",0,3,0,"International Institute of Tropical Agriculture Cotonou, Republic of Benin","IITA Cotonou, Benin",6,Swedish University of Agricultural Sciences,,,,1,1,,,1,Sweden,,,,0,0,,,,,,,,,,,,,,,,
10,3,Benin,West Africa,2015,J Econ Entomol,,Seasonal Abundance of Mango Fruit Flies (Diptera: Tephritidae) and Ecological Implications for Their Management in Mango and Cashew Orchards in Benin (Centre & North),42,1,Primary,1,1,,0,Fruit flies,"J-F Vayssières , M De Meyer , I Ouagoussounon , A Sinzogan , A Adandonon , S Korie , R Wargui , F Anato , H Houngbo , C Didier , H De Bon , G Goergen ",0,7,1,"International Institute of Tropical Agriculture Cotonou, Republic of Benin","IITA Cotonou, Benin",6,"University of Abomey Calavi, Cotonou, Republic of Benin",UAC Benin,"ENSTA- Ketou, Universite d'Agriculture de Ketou,EGPVS, 8 BP 155, Ketou. Rep. du Benin",,1,1,Nigeria,2,3,FRANCE,BELGIUM,,0,0,0,,,,,,,,,,,,,,,,
11,3,Benin,West Africa,2011,Environ Entomol,,"Bactrocera Invadens (Diptera: Tephritidae), a New Invasive Fruit Fly Pest for the Afrotropical Region: Host Plant Range and Distribution in West and Central Africa",160,1,review,1,1,,0,Fruit flies,"Georg Goergen 1, Jean-François Vayssières, Désiré Gnanvossou, Maurice Tindo",0,1,0,"International Institute of Tropical Agriculture Cotonou, Republic of Benin","IITA Cotonou, Benin",6,"International Institute of Tropical Agriculture , Republic of Benin","IITA Cotonou, Benin",,,,,,,0,,,,,0,0,,,,,,,,,,,,,,,,
12,3,Benin,West Africa,2009,J Econ Entomol,,Effectiveness of Spinosad Bait Sprays (GF-120) in Controlling Mango-Infesting Fruit Flies (Diptera: Tephritidae) in Benin,,1,Primary,1,1,,0,Fruit flies,"Jean-François Vayssieres , Antonio Sinzogan, Sam Korie, Issa Ouagoussounon, Agnès Thomas-Odjo",0,1,0,"International Institute of Tropical Agriculture Cotonou, Republic of Benin","IITA Cotonou, Benin",6,"University of Parakou, Republic of Benin",UP Benin,,,1,1,,,1,FRANCE,,,2,1,2,,,,,,, International Institute of Tropical Agriculture (IITA),IITA,Nigeria,French Agricultural Research Centre for International Development (CIRAD),FARCID,France,,,,
13,3,Benin,West Africa,2007,J Econ Entomol,,"Effects of an African Weaver Ant, Oecophylla Longinoda, in Controlling Mango Fruit Flies (Diptera: Tephritidae) in Benin",,1,Primary,1,1,,0,Fruit flies,"Paul Van Mele , Jean-François Vayssières, Esther Van Tellingen, Jan Vrolijks",0,3,1,"Africa Rice Center WARDACotonou, Republic of Benin",Other Institutions,79,"nternational Institute of Tropical Agriculture, Cotonou, Republic of Benin","IITA Cotonou, Benin",,,1,1,,,1,FRANCE,,,4,1,2,,,,,,,"Conservation, Food and Health Foundation",CFHF,USA,Africa Rice Center (WARDA),,,,,,
147,3,Benin,West Africa,2020,J Econ Entomol,,Efficiency of Food-Based Attractants for Monitoring Tephritid Fruit Flies Diversity and Abundance in Mango Systems Across Three West African Agro-Ecological Zones,,1,1,1,1,,0,Fruit flies,"Hanna R, Gnanvossou D, Goergen G, Bokonon-Ganta AH, Mohamed SA, Ekesi S, Fiaboe KKM, Agnontchémè AI.",0,5,1,"International Institute of Tropical Agriculture Cotonou, Republic of Benin","IITA Cotonou, Benin",6,Plant Protection and Quarantine/Direction of Crop Production,SPVCP/DPV,,,,1,,2,3,,,,2,1,1,International Institute of Tropical Agriculture,IITA,Benin, International Centre of Insect Physiology and Ecology,,Kenya,,,,,,,,,,
14,6,Cameroon,Central Africa,2017,BMC Complement Altern Med,,Phytochemical analysis and in vitro anthelmintic activity of Lophira lanceolata (Ochnaceae) on the bovine parasite Onchocerca ochengi and on drug resistant strains of the free-living nematode Caenorhabditis elegans,,1,Primary,1,0,USA,1,C. elegans,,0,1,0,"University of Ngaoundéré, Cameroon",Other Institutions,79,,,,,1,1,Cameron,2,3,Germany,,,,0,0,,,,,,,,,,,,,,,,
15,6,Cameroon,Central Africa,2017,Molecules,,Anti-Onchocerca and Anti-Caenorhabditis Activity of a Hydro-Alcoholic Extract from the Fruits of Acacia nilotica and Some Proanthocyanidin Derivatives,,1,Primary,1,0,USA,1,C. elegans,,0,1,0,"University of Ngaoundéré, Cameroon",Other Institutions,79,,,,,1,1,,,1,Germany,,,4,1,3,Cameroonian-German Cooperation Project,CGCP Cameroun,Cameroun,,,,German Academic Exchange Service,DAAD,Germany,Alexander von Humboldt Foundation,AVHF,Germany,Deutsche Forschungsgemein-schaft,DFS,Germany,
16,6,Cameroon,Central Africa,2014,J Helminthol,,Anthelmintic activity of phenolic acids from the axlewood tree Anogeissus leiocarpus on the filarial nematode Onchocerca ochengi and drug-resistant strains of the free-living nematode Caenorhabditis elegans,,1,Primary,1,0,USA,1,C. elegans,,0,2,1,"Institute of Agricultural Research for Development, Cameroon",Other Institutions,79,"University of Ngaoundéré, Cameroon.",,,,1,1,,,1,Germany,,,2,1,2,,,,,,,Alexander von Humboldt Foundation,AVHF,Germany,Deutsche Forschungsgemeinschaft,DFS,Germany,,,,
17,6,Cameroon,Central Africa,2012,Vet Parasitol,,Anogeissus leiocarpus extract on the parasite nematode Onchocerca ochengi and on drug resistant mutant strains of the free-living nematode Caenorhabditis elegans,,1,Primary,1,0,USA,1,C. elegans,,0,2,1,"University of Ngaoundéré, Cameroon",Other Institutions,79,"University of Maroua, Cameroun","UM Maroua, Cameroon",,,1,1,,,1,Germany,,,2,1,2,,,,,,,Alexander von Humboldt Foundation,AVHF,Germany,Deutsche Forschungsgemeinschaft,DFS,Germany,,,,
18,6,Cameroon,Central Africa,2011,J Helminthol,,In vitro activity of Cameroonian and Ghanaian medicinal plants on parasitic (Onchocerca ochengi) and free-living (Caenorhabditis elegans) nematodes,,1,Primary,1,0,USA,0,C. elegans,,0,3,1,"Institute of Agricultural Research for Development, Cameroon",Other Institutions,79,"University of Ngaoundéré, Cameroon.","UN Ngaoundéré, Cameroon",University of Maroua,UM,1,1,Ghana,2,3,Germany,,,3,1,2,,,,,,,Alexander von Humboldt Foundation,AVHF,Germany,German Academic Exchange Service (DAAD),GAES DAAD,Germany,Deutsche Forschungsgemein-schaft,DFS,Germany,
148,14,Egypt,North Africa,2020,Antioxidants (Basel),,Ameliorative Effects of Rhoifolin in Scopolamine-Induced Amnesic Zebrafish (Danio rerio) Model,,1,1,0,0,Romania,0,Zebrafish,"Brinza I, Abd-Alkhalek AM, El-Raey MA, Boiangiu RS, Eldahshan OA, Hritcu L.",1,4,1,Al-Azhar University,Other Institutions,79,National Research Centre,,Ain Shams University,,,1,,,1,USA,,,1,1,2,,,,,,,"Ministry of Research and Innovation within Program 1—Development of the national RD system, Subprogram 1.2—Institutional Performance—RDI excellence funding projects",,Romania,,,,,,,
27,14,Egypt,North Africa,2003,J Egypt Soc Parasitol ,,Mutation in rugose gene locus affects the pigment cell number and alters the optic lobe phenotype in the Drosophila visual system.,,0,Primary,1,3,,0,Fruit flies,,0,4,0,"Ain Shams University Cairo, Egypt ",Other Institutions,79,"Cairo University, Giza, Egypt","CU Giza, Egypt","Ministry of Agriculture, Giza, Egypt  and National Research Centre, Giza, Egypt",MANRC Egypt,,,,,0,,,,,0,0,,,,,,,,,,,,,,,,
150,14,Egypt,North Africa,2020,Nanotechnology,,Impact of nano-conjugate on Drosophila for early diagnosis of Alzheimer's disease,,1,1,1,1,,0,Fruit flies,"Ahmed A, Ghallab EH, Shehata M, Zekri AN, Ahmed OS.",1,2,1,"National Cancer Institute, Egypy",Other Institutions,79,Ain Shams University,,,,,,,,0,Japan,UK,,1,1,1,Academy of scientific research and technology,,Egypt,,,,,,,,,,,,,
149,14,Egypt,North Africa,2020,Sci Rep,,Repurposing approach identifies pitavastatin as a potent azole chemosensitizing agent effective against azole-resistant Candida species,,1,1,1,0,USA,0,C. elegans,"Eldesouky HE, Salama EA, Li X, Hazbun TR, Mayhoub AS, Seleem MN.",0,2,0,Zewail City of Science and Technology,Other Institutions,79,,,,,,1,,,1,,,,,0,0,,,,,,,,,,,,,,,,
19,14,Egypt,North Africa,2018,Environ Sci Pollut Res Int ,,"Effects of monoterpenes on mortality, growth, fecundity, and ovarian development of Bactrocera zonata (Saunders) (Diptera: Tephritidae).",,1,Primary,1,1,,0,Fruit flies,,1,2,0,"Assiut University Assiut, Egypt",Other Institutions,79,"Agricultural Research Center, Giza, Egypt ","ARC Giza, Egypt",,,,,,,0,,,,,0,0,,,,,,,,,,,,,,,,
20,14,Egypt,North Africa,2015,J Insect Sci ,,Differences in antennal sensillae of male and female peach fruit flies in relation to hosts.,,1,Primary,1,1,,0,Fruit flies,,1,2,0,"Assiut University Assiut, Egypt",Other Institutions,79,"Agricultural Research Center, Giza, Egypt ",,,,,,,,0,,,,,0,0,,,,,,,,,,,,,,,,
21,14,Egypt,North Africa,2015,Nat Prod Res ,,Toxicity of naturally occurring Bio-fly and chitosan compounds to control the Mediterranean fruit fly Ceratitis capitata (Wiedemann).,,1,Primary,1,1,,0,Fruit flies,,1,1,0,"Damanhour University Damanhour, Egypt",Other Institutions,79,,,,,,,,,0,,,,,0,0,,,,,,,,,,,,,,,,
22,14,Egypt,North Africa,2014,J Insect Sci ,,"Ultrastructure of the antennal sensillae of male and female peach fruit fly, Bactrocera zonata.",,1,Primary,1,1,,0,Fruit flies,,0,3,0,"Damanhour University Damanhour, Egypt",Other Institutions,79,"Alexandria University, Egypt","UA Alexandria, Egypt","Agriculture Research Center, Giza, Egypt ",ARC Egypt,,,,,0,,,,,0,0,,,,,,,,,,,,,,,,
23,14,Egypt,North Africa,2013,Pak J Biol Sci ,,"Assessment effect of gamma radiation on the flight ability of the peach fruit fly, Bactrocera zonata (Saunders).",,1,Primary,1,1,,0,Fruit flies,,0,1,0,"Tanta University Tanta, Egypt",Other Institutions,79,,,,,,,,,0,,,,,0,0,,,,,,,,,,,,,,,,
24,14,Egypt,North Africa,2013,J Egypt Soc Parasitol ,,Genetic variation among Drosophila melanogaster isofemale lines influences encapsulation ability of the parasitoid Asobara tabida.,,1,Primary,1,0,Germany,0,Fruit flies,,1,1,0,"Tanta University Tanta, Egypt",Other Institutions,79,,,,,,,,,0,,,,,0,0,,,,,,,,,,,,,,,,
25,14,Egypt,North Africa,2012,J Egypt Soc Parasitol ,,"Effect of 60 minutes exposure to electromagnetic field on fecundity, learning and memory, speed of movement and whole body protein of the fruit fly Drosophila melanogaster.",,1,Primary,1,3,,0,Fruit flies,,0,2,0,"Cairo University Giza, Egypt",Other Institutions,79,"Fayoum University, Fayoum, Egypt","FU Fayoum, Egypt",,,,,,,0,,,,,0,0,,,,,,,,,,,,,,,,
26,14,Egypt,North Africa,2011,J Insect Sci ,,"Molecular phylogeny and identification of the peach fruit fly, Bactrocera zonata, established in Egypt.",,1,Primary,1,1,,0,Fruit flies,,0,1,0,"Tanta University Tanta, Egypt",Other Institutions,79,,,,,,,,,0,,,,,0,0,,,,,,,,,,,,,,,,
151,14,Egypt,North Africa,2020,J Econ Entomol,,Improving the Lifetime Efficiency of Trimedlure-Dispensing System in Trapping the Fruit Fly Ceratitis capitata Using Polyethylene Matrix,,1,1,1,1,,0,Fruit flies,"Bayoumy MH, El-Metwally MM, El-Adly RA, Majerus TMO.",0,5,1,Mansoura University,Other Institutions,79,Plant Protection Institute,,Egyptian Petroleum Research Institute,,,1,,,1,South Africa,,,,0,0,,,,,,,,,,,,,,,,
35,22,Kenya,East Africa,2015,Vector Borne Zoonotic Dis,,Isolation of Candidatus Rickettsia asemboensis from Ctenocephalides Fleas,,1,Primary,1,0,"Drosophila Genomics Resource Center; Bloomington, IN",1,Fruit flies,,0,2,0,"Kenya Medical Research Institute Kisumu, Kenya",Other Institutions,79,,,,,1,1,,,1,Maryland,,,0,0,0,,,,,,,,,,,,,,,,
154,22,Kenya,East Africa,2020,Curr Biol,,The Genome of Caenorhabditis bovis,,1,1,1,1,,0,C. elegans,"Stevens L, Rooke S, Falzon LC, Machuka EM, Momanyi K, Murungi MK, Njoroge SM, Odinga CO, Ogendo A, Ogola J, Fèvre EM, Blaxter M.",0,7,1,"International Livestock Research Institute, Kenya",Other Institutions,79,Kenya Medical Research Institute,,Busia County Government,Bungoma County Government,,1,,,1,Italy,,,4,1,3, the Zoonoses and Emerging Livestock Systems (ZELS) program,,Kenya,,,,University of Edinburgh’s Davis Fund,,UK,Baillie Gifford Studentship,,,International Food Policy Research Institute,IFPRI,FRANCE,
28,22,Kenya,East Africa,2019,Sci Rep,,Species-specific transcriptional profiles of the gut and gut microbiome of Ceratitis quilicii and Ceratitis rosa sensu stricto,,1,Primary,1,1,,0,Fruit flies,,0,5,1,"International Centre of Insect Physiology and Ecology Nairobi, Kenya","ICIPE Nairobi, Kenya",21,"Agricultural and Livestock Research Organization, Kenya",ALRO Kenya,"Kenya Medical Research Institute, Kenya",KMRI Kenya,1,1,,,1,Italy,,,6,1,3,"ICIPE, Kenya",ICIPE Kenya,Kenya,Kenyan Government,KG,Kenya,"International Centre of Insect Physiology and Ecology Nairobi, Kenya",ICPE,Kenya,UK Aid (UK Government),UA,KK,Swedish International Development Cooperation Agency,SIDCA,Sweden,
29,22,Kenya,East Africa,2018,J Agric Food Chem,,Cucumber and Tomato Volatiles: Influence on Attraction in the Melon Fly Zeugodacus cucurbitate (Diptera: Tephritidae),,1,Primary,1,1,,0,Fruit flies,,0,3,1,"International Centre of Insect Physiology and Ecology Nairobi, Kenya","ICIPE Nairobi, Kenya",21,"Jomo Kenyatta University of Agriculture and Technology Nairobi, Kenya","JKUAT Nairobi, Kenya",,,1,1,,,1,USA,,,5,1,3,Kenyan Government,KG Kenya,Kenya,,,,USDA-ARS project no. 58-6615-3-011-F,USDA-ARS,USA,Swedish International Development Cooperation Agency (Sida) for a studentship to P.K.N.,SIDA,Sweden,UK Department for International Development (DFID),DFID,UK,
30,22,Kenya,East Africa,2018,J Agric Food Chem,,Identification of Glutamic Acid as a Host Marking Pheromone of the African Fruit Fly Species Ceratitis rosa (Diptera: Tephritidae),,1,Primary,1,1,,0,Fruit flies,,0,4,1,"International Centre of Insect Physiology and Ecology Nairobi, Kenya","ICIPE Nairobi, Kenya",21,"Jomo Kenyatta University of Agriculture and Technology Nairobi, Kenya","JKUAT Nairobi, Kenya",,,1,,Malawi,2,2,,,,5,1,3,Kenyan Government,KG Kenya,Kenya,,,,USDA-ARS project no. 58-6615-3-011-F,USDA-ARS,USA,Swedish International Development Cooperation Agency (SIDA) for a studentship to Xavier Cheseto,SIDA,Sweden,UK Department for International Development (DFID),DFID,UK,
31,22,Kenya,East Africa,2018,Insects,,Spatial Distribution of Bactrocera dorsalis and Thaumatotibia leucotreta in Smallholder Avocado Orchards along Altitudinal Gradient of Taita Hills and Mount Kilimanjaro,,1,Primary,1,0,Tanzania,0,Fruit flies,,0,6,1,"International Centre of Insect Physiology and Ecology Nairobi, Kenya","ICIPE Nairobi, Kenya",21,"University of Nairobi, Kenya","UN Nirobi,  Kenya","CABI-Centre for Agriculture and Biosciences International, Africa Regional Centre, P.O. Box 633-621, Nairobi, Kenya",,1,,Tanzania,2,2,,Finland,,1,1,2,,,,,,,Ministry of Foreign Affairs of Finland ,MFA,Finland,,,,,,,
32,22,Kenya,East Africa,2017,J Agric Food Chem,,Identification of the Ubiquitous Antioxidant Tripeptide Glutathione as a Fruit Fly Semiochemical,,1,Primary,1,1,,0,Fruit flies,,0,4,1,"International Centre of Insect Physiology and Ecology Nairobi, Kenya","ICIPE Nairobi, Kenya",21,"Jomo Kenyatta University of Agriculture and Technology Nairobi, Kenya","JKUAT Nairobi, Kenya",,,,,,,0,,,,5,1,3,Kenyan Government,KG Kenya,Kenya,,,,USDA-ARS project no. 58-6615-3-011-F,USDA-ARS,USA,Swedish International Development Cooperation Agency (SIDA) for a studentship to Xavier Cheseto,SIDA,Sweden,UK Department for International Development (DFID),DFID,UK,
33,22,Kenya,East Africa,2017,PLoS One,,At Lunch with a Killer: The Effect of Weaver Ants on Host-Parasitoid Interactions on Mango,,1,Primary,1,1,,0,Fruit flies,,0,3,0,"International Centre of Insect Physiology and Ecology Nairobi, Kenya","ICIPE Nairobi, Kenya",21,,,,,1,1,,,1,Germany,Australia,,1,1,2,,,,,,,German Ministry for Economic Cooperation and Development ,GMECD,Germany,,,,,,,
34,22,Kenya,East Africa,2015,Zookeys,,"Comparative analysis of development and survival of two Natal fruit fly Ceratitis rosa Karsch (Diptera, Tephritidae) populations from Kenya and South Africa",,1,Primary,1,0,South Africa,0,Fruit flies,,0,2,0,"International Centre of Insect Physiology and Ecology Nairobi, Kenya","ICIPE Nairobi, Kenya",21,,,,,1,,South Africa,2,2,,,,2,1,2,,,,,,,The International Atomic Energy Agency (IAEA) ,IAEA,Austria,"Citrus Research International, South Africa",CRI ,South africa,,,,
36,22,Kenya,East Africa,2014,J Econ Entomol,,Comparison of food-based attractants for Bactrocera invadens (Diptera: Tephritidae) and evaluation of mazoferm-spinosad bait spray for field suppression in mango,,1,Primary,1,1,,0,Fruit flies,,0,1,0,"International Centre of Insect Physiology and Ecology Nairobi, Kenya","ICIPE Nairobi, Kenya",21,,,,,,,,,0,,,,1,1,2,,,,,,,German Ministry for Economic Cooperation and Development ,GMECD,Germany,,,,,,,
37,22,Kenya,East Africa,2013,Insects,,Horizontal Transmission of Metarhizium anisopliae in Fruit Flies and Effect of Fungal Infection on Egg Laying and Fertility,,1,Primary,1,1,,0,Fruit flies,,0,2,0,"International Centre of Insect Physiology and Ecology Nairobi, Kenya","ICIPE Nairobi, Kenya",21,,,,,1,,Zimbabwe,2,2,,,,3,1,2,,,,,,,IFAD funded African Fruit Fly Initiative project (AFFI),IFAD,Italy,"DAAD, Germany",DAAD,Germany,,,,
38,22,Kenya,East Africa,2012,J Econ Entomol,,Evidence for potential of managing some African fruit fly species (Diptera: Tephritidae) using the mango fruit fly host-marking pheromone,,1,Primary,1,1,,0,Fruit flies,,0,3,1,"International Centre of Insect Physiology and Ecology Nairobi, Kenya","ICIPE Nairobi, Kenya",21,"Jomo Kenyatta University of Agriculture and Technology Nairobi, Kenya","JKUAT Nairobi, Kenya",,,1,1,,,1,USA,,,1,1,2,,,,,,,German Academic Exchange Service,DAAD,Germany,,,,,,,
39,22,Kenya,East Africa,2012,J Econ Entomol,,Cold tolerance and disinfestation of Bactrocera invadens (Diptera: Tephritidae) in 'Hass' avocado,,1,Primary,1,1,,0,Fruit flies,,0,1,0,"International Centre of Insect Physiology and Ecology Nairobi, Kenya","ICIPE Nairobi, Kenya",21,,,,,1,,South Africa,2,2,,,,2,1,3,"ICIPE, Kenya",ICIPE Kenya,Kenya,,SAAGA,South Africa,,,,,,,,,,
40,22,Kenya,East Africa,2012,PLoS One,,"Taxonomic identity of the invasive fruit fly pest, Bactrocera invadens: concordance in morphometry and DNA barcoding",,1,Primary,1,1,,0,Fruit flies,,0,4,1,"International Centre of Insect Physiology and Ecology Nairobi, Kenya","ICIPE Nairobi, Kenya",21,"Kenyatta University Nairobi, Kenya","KU Nairobi, Kenya","Molecular Biology and Biotechnology Department, International Centre of Insect Physiology and Ecology (icipe), Nairobi, Kenya",MBBD ICIPE Kenya,1,1,,,1,Belgium,,,2,1,2,,,,,,,The International Atomic Energy Agency (IAEA) ,IAEA,Austria,the German Ministry of Economic Cooperation and Development (BMZ),GMED,Germany,,,,
41,22,Kenya,East Africa,2011,J Econ Entomol,,Cold susceptibility and disinfestation of Bactrocera invadens (Diptera: Tephritidae) in oranges,,1,Primary,1,1,,0,Fruit flies,,0,2,0,"International Centre of Insect Physiology and Ecology Nairobi, Kenya","ICIPE Nairobi, Kenya",21,,,,,1,,South Africa,2,2,,,,2,1,1,"ICIPE, Kenya",ICIPE Kenya,Kenya,,,,,,,,,,,,,
42,22,Kenya,East Africa,2009,J Econ Entomol,,Evidence for competitive displacement of Ceratitis cosyra by the invasive fruit fly Bactrocera invadens (Diptera: Tephritidae) on mango and mechanisms contributing to the displacement,,1,Primary,1,1,,0,Fruit flies,,0,1,0,"International Centre of Insect Physiology and Ecology Nairobi, Kenya","ICIPE Nairobi, Kenya",21,,,,,,,,,0,,,,2,1,3,international fund for agricultural development (ifad) kenya,IFAD Kenya,Kenya,,,,GermanMinistry for Economic Cooperation and Development (BMZ),GMECD,Germany,,,,,,,
43,22,Kenya,East Africa,2008,Bull Entomol Res,,Comparison of five allopatric fruit fly parasitoid populations (Psyttalia species) (Hymenoptera: Braconidae) from coffee fields using morphometric and molecular methods,,1,Primary,1,1,,1,Fruit flies,,0,3,0,"International Centre of Insect Physiology and Ecology Nairobi, Kenya","ICIPE Nairobi, Kenya",21,,,,,1,1,,,1,UK,USA,,2,1,3,African Regional Postgraduate Programme in Insect Science (ARPPIS),ARPPIS Kenya,Kenya,,,,Dutch Government (DSO),DSO,Germany,"International Foundation for Science (IFS), Sweden ",IFS,Sweden,,,,
44,22,Kenya,East Africa,2006,Bull Entomol Res,,"Contribution of natural food sources to reproductive behaviour, fecundity and longevity of Ceratitis cosyra, C. fasciventris and C. capitata (Diptera: Tephritidae)",,1,Primary,1,1,,0,Fruit flies,,0,2,0,"International Centre of Insect Physiology and Ecology Nairobi, Kenya","ICIPE Nairobi, Kenya",21,,,,,1,,Mauritius,2,2,,,,2,1,1,"ICIPE, Kenya",ICIPE Kenya,Kenya,international fund for agricultural development (ifad) kenya,IFAD Kenya,Kenya,,,,,,,,,,
45,22,Kenya,East Africa,2003,Mycopathologia,,"Pathogenicity of Metarhizium anisopliae (Metsch.) Sorokin and Beauveria bassiana (Balsamo) Vuillemin, to three adult fruit fly species: Ceratitis capitata (Weidemann), C. rosa var. fasciventris Karsch and C. cosyra (Walker) (Diptera :Tephritidae)",,1,Primary,1,1,,0,Fruit flies,,0,2,1,"International Centre of Insect Physiology and Ecology Nairobi, Kenya","ICIPE Nairobi, Kenya",21,"Kenyatta University Nairobi, Kenya","KU Nairobi, Kenya",,,,,,,0,,,,4,1,3,African Regional Postgraduate Programme in Insect Science (ARPPIS),ARPPIS Kenya,Kenya,"ICIPE, Kenya","ICIPE, Kenya",,IFAD funded African Fruit Fly Initiative project (AFFI),IFAD,Italy,"DAAD, Germany",DAAD,Germany,,,,
46,22,Kenya,East Africa,2003,J Invertebr Pathol,,Effect of soil temperature and moisture on survival and infectivity of Metarhizium anisopliae to four tephritid fruit fly puparia,,1,Primary,1,1,,0,Fruit flies,,0,1,0,"International Centre of Insect Physiology and Ecology Nairobi, Kenya","ICIPE Nairobi, Kenya",21,,,,,,,,,0,,,,1,1,1,"IFAD, Kenya",IFAD Kenya,Kenya,,,,,,,,,,,,,
47,22,Kenya,East Africa,2000,Bull Entomol Res,,"Parasitoids of medfly, Ceratitis capitata, and related tephritids in Kenyan coffee: a predominantly koinobiont assemblage",,1,Primary,1,1,,0,Fruit flies,,0,4,0,"International Centre of Insect Physiology and Ecology Nairobi, Kenya","ICIPE Nairobi, Kenya",21,,,,,1,1,,,1,USA,,,6,1,3,"ICIPE, Kenya",ICIPE Kenya,Kenya,international fund for agricultural development (ifad) kenya,IFAD Kenya,Kenya,Tropical and Subtropical Agriculture Research ,TSTAR,USA,Caribbean Basin Administrative Group,CBAGG,,USDA/NRI,USDA/NRI,USA,
152,22,Kenya,East Africa,2020,BMC Microbiol,,"Influence of inoculated gut bacteria on the development of Bactrocera dorsalis and on its susceptibility to the entomopathogenic fungus, Metarhizium anisopliae",,1,1,1,1,,0,Fruit flies,"Gichuhi J, Khamis F, Van den Berg J, Mohamed S, Ekesi S, Herren JK.",0,2,0,"International Centre of Insect Physiology and Ecology Nairobi, Kenya","ICIPE Nairobi, Kenya",21,,,,,,,,2,2,South Africa,,,8,1,3,the Government of the Republic of Kenya,,Kenya,,,,European Union Funded Integrated Biological Control Applied Research Program,,,the Wellcome trust,,UK,the Swedish International Development Cooperation Agency (Sida),SIDA,Swedene,
153,22,Kenya,East Africa,2020,Insects,,Landscape Vegetation Productivity Influences Population Dynamics of Key Pests in Small Avocado Farms in Kenya,,1,1,1,1,,0,Fruit flies,"Toukem NK, Yusuf AA, Dubois T, Abdel-Rahman EM, Adan MS, Mohamed SA.",0,2,0,"International Centre of Insect Physiology and Ecology Nairobi, Kenya","ICIPE Nairobi, Kenya",21,,,,,,,,2,2,UK,,,,0,0,,,,,,,,,,,,,,,,
48,30,Mauritius,East Africa,2014,J Insect Sci,,Effect of Metarhizium anisopliae on the fertility and fecundity of two species of fruit flies and horizontal transmission of mycotic infection,,1,Primary,1,1,,0,Fruit flies,"Sookar P, Bhagwant S, Allymamod MN.",0,2,1,"Ministry of Agro Industry & Food Security Republic of, Mauritius",Other Institutions,79,"University of Mauritius, Republic of Mauritius",UOM Mauritius,,,,,,,0,,,,,1,1,"Tertiary Education Commission, the University of Mauritius","TECUM, Mauritus",Mauritus,"Ministry of Agro Industry & Food Security, Republic of Mauritius ",MAIFSR Mauritius,Mauritius,,,,,,,,,,
49,30,Mauritius,East Africa,2014,Asian Pac J Trop Med. 2014 Sep;7S1:S384-90. doi: 10.1016/S1995-7645(14)60263-7.,,"A comparison of polyphenolic content, antioxidant activity and insecticidal properties of Jatropha species and wild Ricinus communis L. found in Mauritius",,1,Primary,1,1,,0,Fruit flies,"Rampadarath S, Puchooa D, Ranghoo-Sanmukhiya VM.",0,1,0,"University of Mauritius, Republic of Mauritius",Other Institutions,79,,,,,,,,,0,,,,,1,1,University of Mauritius,UM  Mauritius,Mauritus,"Ministry of Agro Industry & Food Security, Republic of Mauritius ",MAIFSR Mauritius,Mauritius,,,,,,,,,,
50,31,Morocco,North Africa,2019,Physiol Mol Biol Plants. 2019 Nov;25(6):1407-1418. doi: 10.1007/s12298-019-00713-0. Epub 2019 Oct 19.,,Changes in grapes composition during ripening of five Vitis vinifera L varieties as related to Tephritidae and Drosophilidae infestations,,1,Primary,1,1,,0,Fruit flies,"Jediyi H, Naamani K, Ait Elkoch A, Lemjiber N.",0,1,0,"Cadi Ayyad University, Morocco",Other Institutions,79,,,,,,,,,0,,,,,0,0,,,,,,,,,,,,,,,,
54,31,Morocco,North Africa,2008,J Genet. 2008 Dec;87(4):373-82. doi: 10.1007/s12041-008-0060-0.,,"Quantitative morphometrical analysis of a North African population of Drosophila melanogaster: sexual dimorphism, and comparison with European populations",,1,Primary,1,1,,0,Fruit flies,"Chakir M, Negoua H, Moreteau B, David JR.",0,1,0,"Cadi Ayyad University, Morocco",Other Institutions,79,,,,,1,1,,,1,France,,,,1,2,,,,,,,PICS between French CNRS and Moroccan CNRST,CNRS,France,,,,,,,
55,31,Morocco,North Africa,2007,Mutat Res. 2007 May 18;629(2):100-10. doi: 10.1016/j.mrgentox.2007.01.011. Epub 2007 Mar 1.,,Investigation of the mutagenic and antimutagenic effects of Origanum compactum essential oil and some of its constituents,,1,Primary,1,0,,1,Fruit flies,"Mezzoug N, Elhadri A, Dallouh A, Amkiss S, Skali NS, Abrini J, Zhiri A, Baudoux D, Diallo B, El Jaziri M, Idaomar M.",0,1,0,"University Abdelmalek Essaâdi, Morocco",Other Institutions,79,,,,,1,1,,,1,Belgium,,,,1,2,,,,,,,PRANAROM International Company,PRANAROM IC,Belgium,"Ministry of Wallone region, Belgium",MWRB,Belgium,,,,
56,31,Morocco,North Africa,2003,Insect Biochem Mol Biol. 2003 Jul;33(7):691-9. doi: 10.1016/s0965-1748(03)00063-8.,,The dual function of ovo/shavenbaby in germline and epidermis differentiation is conserved between Drosophila melanogaster and the olive fruit fly Bactrocera oleae,,1,Primary,0,1,,1,Fruit flies,"Khila A, El Haidani A, Vincent A, Payre F, Souda SI.",0,1,0,"Universite´ Sidi Mohammed Ben Abdellah, Morocco",Other Institutions,79,,,,,1,1,,,1,France,,,,1,3,Comite´ Mixte Inter-Universitaire Franco-Marocain,CMIU Morocco,Morocco,Association for Cancer Research,APRCC,,Universite´ Paul Sabatier,UPS,France,,,,,,,
57,31,Morocco,North Africa,2003,Food Chem Toxicol. 2003 Jan;41(1):41-7. doi: 10.1016/s0278-6915(02)00216-8.,,Antimutagenic properties of bell and black peppers,,1,Primary,1,0,,1,Fruit flies,"El Hamss R, Idaomar M, Alonso-Moraga A, MuÃ±oz Serrano A.",0,1,0,"University Abdelmalek Essaâdi, Morocco",Other Institutions,79,,,,,1,1,,,1,Spain,,,,1,1,Ministry of Higher Education,MHE Morocco,Morocco,"Scientific Research of Moroccan Kingdom, PROTARS",SRMK PROTARS Morocco,Morocco,,,,,,,,,,
58,31,Morocco,North Africa,2002,Mutat Res. 2002 Jan 15;513(1-2):61-8. doi: 10.1016/s1383-5718(01)00287-x.,,Genotoxicity and antigenotoxicity of some essential oils evaluated by wing spot test of Drosophila melanogaster,,1,Primary,1,0,,1,Fruit flies,"Idaomar M, El-Hamss R, Bakkali F, Mezzoug N, Zhiri A, Baudoux D, MuÃ±oz-Serrano A, Liemans V, Alonso-Moraga A.",0,1,0,"University Abdelmalek Essaâdi, Morocco",Other Institutions,79,,,,,1,1,,,1,Belgium,Spain,,,1,2,,,,,,,PRANAROM International Company,PRANAROM IC,Belgium,"Ministry of Wallone region, Belgium",MWRB,Belgium,,,,
59,31,Morocco,North Africa,2002,Ann Trop Med Parasitol. 2002 Sep;96(6):587-93. doi: 10.1179/000349802125001447.,,Potential of Origanum compactum as a cercaricide in Morocco,,1,Primary,1,1,,0,Fruit flies,Lahlou M.,0,1,0,"Hassan II University Ain Chock, Morocco",Other Institutions,79,,,,,,,,,0,,,,,0,0,,,,,,,,,,,,,,,,
158,31,Morocco,North Africa,2020,Pharmaceuticals (Basel),,A Polyphenol-Rich Fraction from Eugenia uniflora Exhibits Antioxidant and Hepatoprotective Activities In Vivo,,1,1,1,0,USA,0,C. elegans,"Sobeh M, Hamza MS, Ashour ML, Elkhatieb M, El Raey MA, Abdel-Naim AB, Wink M.",0,6,0, Mohammed VI Polytechnic University,Other Institutions,79,,,,,,1,,2,3,,,,,0,0,,,,,,,,,,,,,,,,
51,31,Morocco,North Africa,2017,Bull Entomol Res. 2017 Apr;107(2):217-224. doi: 10.1017/S000748531600078X.,,"Insecticidal activity of a Moroccan strain of Streptomyces phaeochromogenes LD-37 on larvae, pupae and adults of the Mediterranean fruit fly, Ceratitis capitata (Diptera: Tephritidae)",,1,Primary,1,1,,0,Fruit flies,"Samri SE, Baz M, Ghalbane I, El Messoussi S, Zitouni A, El Meziane A, Barakate M.",0,1,0,"Cadi Ayyad University, Morocco",Other Institutions,79,,,,,1,1,,,1,Algeria,,,,1,3,Ministry of Higher Education of Morocco,MHEM Morocco,Morocco,,,,German Academic Exchange Service,DAAD,Germany,,,,,,,
52,31,Morocco,North Africa,2017,Zookeys. 2017 Sep 26;(702):137-171. doi: 10.3897/zookeys.702.13368. eCollection 2017.,,"First checklist of the fruit flies of Morocco, including new records (Diptera, Tephritidae)",,1,Primary,1,1,,0,Fruit flies,"Harym YE, Belqat B.",0,1,0,"University Abdelmalek Essaâdi, Morocco",Other Institutions,79,,,,,1,1,,,1,Ukraine,,,,0,0,,,,,,,,,,,,,,,,
53,31,Morocco,North Africa,2014,World J Microbiol Biotechnol. 2014 Mar;30(3):959-65. doi: 10.1007/s11274-013-1514-y.,,Pathogenicity of Beauveria bassiana isolated from Moroccan Argan forests soil against larvae of Ceratitis capitata (Diptera: Tephritidae) in laboratory conditions,,1,Primary,1,1,,0,Fruit flies,"Imoulan A, Elmeziane A.",0,1,0,"Cadi Ayyad University, Morocco",Other Institutions,79,,,,,,,,,0,,,,,1,2,,,,,,,PROTARS II grant,,,CNRST,CNRST,Morocco,,,,
155,31,Morocco,North Africa,2020,BMC Ecol,,Diversity of entomopathogenic fungi associated with Mediterranean fruit fly (Ceratitis capitata (Diptera: Tephritidae)) in Moroccan Argan forests and nearby area: impact of soil factors on their distribution,,1,1,1,1,,0,Fruit flies,"Hallouti A, Ait Hamza M, Zahidi A, Ait Hammou R, Bouharroud R, Ait Ben Aoumar A, Boubaker H.",0,2,1,"Ibn Zohr University, Morocco",Other Institutions,79,"Unité de Production Intégrée des Cultures, INRA",INRA,,,,,,,0,Turkey,USA,,1,1,1,the Moroccan National Centre for Scientific and Technical Research Scholarship,C.N.R.S.T,Morocco,,,,,,,,,,,,,
156,31,Morocco,North Africa,2020,Sci Rep,,Potential of Moroccan entomopathogenic nematodes for the control of the Mediterranean fruit fly Ceratitis capitata Wiedemann (Diptera: Tephritidae),,1,1,1,1,,0,Fruit flies,"Mokrini F, Laasli SE, Benseddik Y, Joutei AB, Blenzar A, Lakhal H, Sbaghi M, Imren M, Özer G, Paulitz T, Lahlali R, Dababat AA.",0,8,1,"Regional Center of Agricultural Research, INRA-Morocco",Other Institutions,79,Mohammed V University,,Moulay Ismail University,Ecole Nationale D’Agriculture de Meknes,"Head Quality and Postharvest Citrus Department, Delassus Group",1,,,1,UK,,,2,1,1,INRA-Morocco,,Morocco,Ecole Nationale d’Agriculture de Meknes,,Morocco,,,,,,,,,,
157,31,Morocco,North Africa,2020,Insects,,"Evaluation of Rearing Parameters of a Self-Limiting Strain of the Mediterranean Fruit Fly, Ceratitis capitata (Diptera: Tephritidae)",,1,1,1,1,,0,Fruit flies,"Elaini R, Asadi R, Naish N, Koukidou M, Ahmed M.",0,3,1,"Hassan II University Ain Chock, Morocco",Other Institutions,79,Omnium Agricole du Souss,,,,,1,,,1,EGYPT,Saudia Arabia,Germany,,0,0,,,,,,,,,,,,,,,,
60,32,Mozambique,East Africa,2017,Toxicon,,Evading plant defence: Infestation of poisonous milkweed fruits (Asclepiadaceae) by the fruit fly Dacus siliqualactis (Diptera: Tephritidae),,1,Primary,1,1,,0,Fruit flies,"Schneider M, Wunder C, Reuss E, Toennes SW, Mebs D.",0,1,0, Eduardo Mondlane University  Mozambique,Other Institutions,79,,,,,1,1,,,1,Germany,,,,1,2,,,,,,,"Centrum für Internationale Migration und Entwicklung (CIM), Frankfurt, Germany",CIME ,Germany,,,,,,,
61,35,Nigeria,West Africa,2020,Toxicol Rep. 2020 Jan 27;7:261-268. doi: 10.1016/j.toxrep.2020.01.015. eCollection 2020.,,Curcumin attenuates copper-induced oxidative stress and neurotoxicity in Drosophila melanogaster,,1,Primary,1,0,Brasil,0,Fruit flies,"Abolaji AO, Fasae KD, Iwezor CE, Aschner M, Farombi EO.",1,1,0,"University of Ibadan, Nigeria","UI, Nigeria",12,,,,,1,1,,,1,U.S.A,,,,1,2,,,,,,,"International Centre for Genetic Engineering and Biotechnology (ICGEB), Italy",ICGEB,Italy,National Institute of Health (NIH),NIH,USA,,,,
62,35,Nigeria,West Africa,2020,J Food Biochem. 2020 Jun 11:e13318. doi: 10.1111/jfbc.13318. Online ahead of print.,,"Modulatory effects of moringa (Moringa oleifera L.) leaves infested with African mistletoe (Tapinanthus bangwensis L.) on the antioxidant, antidiabetic, and neurochemical indices in high sucrose diet-induced diabetic-like phenotype in fruit flies (Drosophila melanogaster M.)",,1,Primary,1,0,USA,0,Fruit flies,"Oyeniran OH, Ademiluyi AO, Oboh G.",1,2,1,"Federal University of Technology, Akure, Nigeria","FUT Akure, Nigeria",11,Federal University Oye,"FUO Uye, Nigeria",,,,,,,0,,,,0,1,2,,,,,,,,,,,,,,,,
63,35,Nigeria,West Africa,2020,J Diet Suppl. 2020 Jun 4:1-15. doi: 10.1080/19390211.2020.1772441. Online ahead of print.,,Pleurotus ostreatus and Lentinus subnudus supplemented diets restore altered acetylcholinesterase and butyrylcholinesterase activities and improve antioxidant status in transgenic Drosophila melanogaster model,,1,Primary,1,1,,0,Fruit flies,"Agunloye OM, Oboh G, Falade AO.",1,2,1,"Federal University of Technology, Akure, Nigeria","FUT Akure, Nigeria",11,"University of Medical Sciences, Ondo","UMS Ondo, Nigeria",,,,,,,0,,,,0,1,2,,,,,,,,,,,,,,,,
64,35,Nigeria,West Africa,2020,Drug Chem Toxicol. 2020 Jan 3:1-10. doi: 10.1080/01480545.2019.1708377. Online ahead of print.,,Effect of Andrographis paniculata and Phyllanthus amarus leaf extracts on selected biochemical indices in Drosophila melanogaster model of neurotoxicity,,1,Primary,1,1,,0,Fruit flies,"Adedayo BC, Ogunsuyi OB, Akinniyi ST, Oboh G.",1,1,0,"Federal University of Technology, Akure, Nigeria","FUT Akure, Nigeria",11,,,,,,,,,0,,,,0,0,0,,,,,,,,,,,,,,,,
65,35,Nigeria,West Africa,2020,Food Chem Toxicol. 2020 Jun 3:111478. doi: 10.1016/j.fct.2020.111478. Online ahead of print.,,Luteolin-Supplemented Diets Ameliorates Bisphenol A-Induced Toxicity in Drosophila melanogaster,,1,Primary,1,1,,0,Fruit flies,"Adesanoye OA, Abolaji AO, Faloye TR, Olaoye HO, Adedara AO.",1,1,0,"University of Ibadan, Nigeria","UI, Nigeria",12,,,,,,,,,0,,,,0,0,0,,,,,,,,,,,,,,,,
66,35,Nigeria,West Africa,2020,J Food Biochem. 2020 Jan 16:e13150. doi: 10.1111/jfbc.13150. Online ahead of print.,,"Solanum vegetable-based diets improve impairments in memory, redox imbalance, and altered critical enzyme activities in Drosophila melanogaster model of neurodegeneration",,1,Primary,1,0,USA,0,Fruit flies,"Ogunsuyi OB, Oboh G, Ã–zek G, GÃ¶ger F.",1,1,0,"Federal University of Technology, Akure, Nigeria","FUT Akure, Nigeria",11,,,,,1,1,,,1,Turkey,,,0,0,0,,,,,,,,,,,,,,,,
67,35,Nigeria,West Africa,2020,Comput Struct Biotechnol J. 2020 Mar 10;18:612-621. doi: 10.1016/j.csbj.2020.02.022. eCollection 2020.,,Essential gene prediction in Drosophila melanogaster using machine learning approaches based on sequence and functional features,,1,Primary,0,3,,0,Fruit flies,"Aromolaran O, Beder T, Oswald M, Oyelade J, Adebiyi E, Koenig R.",1,1,0,"Covenant University, Nigeria",Other Institutions,79,,,,,1,1,,,1,Germany,,,,1,2,,,,,,,Deutsche Forschungsgemein-schaft,DFS,Germany,,,,,,,
68,35,Nigeria,West Africa,2020,Drug Chem Toxicol. 2020 Jun 16:1-10. doi: 10.1080/01480545.2020.1773845. Online ahead of print.,,Characterization and neuroprotective properties of alkaloid extract of Vernonia amygdalina Delile in experimental models of Alzheimer's disease,,1,Primary,1,0,USA,1,Fruit flies,"Oboh G, Adedayo BC, Adetola MB, Oyeleye IS, Ogunsuyi OB.",1,1,0,"Federal University of Technology, Akure, Nigeria","FUT Akure, Nigeria",11,,,,,,,,,0,,,,Tertiary Educational Trust Fund (TETfund),1,1,,,,,,,,,,,,,,,,
69,35,Nigeria,West Africa,2020,,,"Comparative study of the phenolic profile, antioxidant properties, and inhibitory effects of Moringa (Moringa oleifera Lam.) and Almond (Terminalia catappa Linn.) leaves on acetylcholinesterase and monoamine oxidase activities in the head region of Fruitfly (Drosophila melanogaster Meigen) in vitro",,1,Primary,1,0,USA,0,Fruit flies,"Oyeniran OH, Ademiluyi AO, Oboh G.",1,2,1,"Federal University of Technology, Akure, Nigeria","FUT Akure, Nigeria",11,Federal University of Oye,"FUO Uye, Nigeria",,,,,,,0,,,,0,0,0,,,,,,,,,,,,,,,,
70,35,Nigeria,West Africa,2019,Biomed J. 2019 Oct;42(5):317-327. doi: 10.1016/j.bj.2019.01.005. Epub 2019 Oct 31.,,Influence of gallic and tannic acid on therapeutic properties of acarbose inÂ vitro and inÂ vivo in Drosophila melanogaster,,1,Primary,1,1,,0,Fruit flies,"Oboh G, Ogunsuyi OB, Adegbola DO, Ademiluyi AO, Oladun FL.",1,1,0,"Federal University of Technology, Akure, Nigeria","FUT Akure, Nigeria",11,,,,,,,,,0,,,,0,1,2,,,,,,,"Prince of Songkla University, Thailand",GSPSU,Thailand,,,,,,,
71,35,Nigeria,West Africa,2019,Pestic Biochem Physiol. 2019 Jun;157:161-168. doi: 10.1016/j.pestbp.2019.03.017. Epub 2019 Mar 28.,,Possible involvement of transcriptional activation of nuclear factor erythroid 2-related factor 2 (Nrf2) in the protective effect of caffeic acid on paraquat-induced oxidative damage in Drosophila melanogaster,,1,Primary,0,0,USA,0,Fruit flies,"Dos Santos Nunes RG, Pereira PS, Elekofehinti OO, Fidelis KR, da Silva CS, Ibrahim M, Barros LM, da Cunha FAB, Lukong KE, de Menezes IRA, Tsopmo A, Duarte AE, Kamdem JP.",1,1,0,"Federal University of Technology, Akure, Nigeria","FUT Akure, Nigeria",11,,,,,1,1,,,1,Brazil,Pakistan,Canada,,1,2,,,,,,, (PIBIC/ URCA),PIBIC/URCA,Brazil,The World Academy of Sciences,TWAS,Italy,The World Academy of Sciences,TWAS,Italy,
72,35,Nigeria,West Africa,2019,Exp Biol Med (Maywood). 2019 Dec;244(18):1688-1694. doi: 10.1177/1535370219890334. Epub 2019 Nov 25.,,"Protective role of resveratrol, a natural polyphenol, in sodium fluoride-induced toxicity in Drosophila melanogaster",,1,Primary,1,1,,0,Fruit flies,"Abolaji AO, Ajala VO, Adigun JO, Adedara IA, Kinyi HW, Farombi EO.",1,1,0,"University of Ibadan, Nigeria","UI, Nigeria",12,,,,,1,,Uganda,2,2,,,,,1,2,,,,,,,Company of Biologists/ DrosAfrica (UK),COB,UK,Cambridge-Africa Alborada Research Funds U.K,CAARF,UK,,,,
73,35,Nigeria,West Africa,2018,Biochem Biophys Res Commun. 2018 Sep 5;503(2):1042-1048. doi: 10.1016/j.bbrc.2018.06.114. Epub 2018 Jun 27.,,"Resveratrol prolongs lifespan and improves 1-methyl-4-phenyl-1,2,3,6-tetrahydropyridine-induced oxidative damage and behavioural deficits in Drosophila melanogaster",,1,Primary,1,0,USA,0,Fruit flies,"Abolaji AO, Adedara AO, Adie MA, Vicente-Crespo M, Farombi EO.",1,1,0,"University of Ibadan, Nigeria","UI, Nigeria",12,,,,,1,1,,,1,Uganda,UK,,,1,2,,,,,,,International Society for Neurochemistry,ISN,USA,"Company of Biologists, UK",CB Uk,UK,"Cambridge Africa Alborada Research Funds, UK",CARF,UK,
74,35,Nigeria,West Africa,2018,Oxid Med Cell Longev. 2018 Dec 30;2018:8952646. doi: 10.1155/2018/8952646. eCollection 2018.,,Effect of Alkaloid Extract from African Jointfir (Gnetum africanum) Leaves on Manganese-Induced Toxicity in Drosophila melanogaster,,1,Primary,1,1,,0,Fruit flies,"Oboh G, Ogunsuyi OB, Awonyemi OI, Atoki VA.",1,1,0,"Federal University of Technology, Akure, Nigeria","FUT Akure, Nigeria",11,,,,,,,,,0,,,,,1,2,,,,,,,The World Academy of Sciences,TWAS,Italy,,,,,,,
75,35,Nigeria,West Africa,2018,Metab Brain Dis. 2018 Apr;33(2):369-375. doi: 10.1007/s11011-017-0100-7. Epub 2017 Aug 28.,,Curcumin-supplemented diets improve antioxidant enzymes and alter acetylcholinesterase genes expression level in Drosophila melanogaster model,,1,Primary,1,1,,0,Fruit flies,"Akinyemi AJ, Oboh G, Ogunsuyi O, Abolaji AO, Udofia A.",1,2,1," Afe Babalola University Ado-Ekiti, Nigeria",Other Institutions,79,"Federal University of Technology, Akure","FUTA Akure, Nigeria",,,,,,,0,,,,,1,2,,,,,,,IBRO/ARC bursary,IBRO,France,,,,,,,
76,35,Nigeria,West Africa,2018,Genes Cancer. 2018 Jan;9(1-2):1-10. doi: 10.18632/genesandcancer.168.,,Gastric cancer and Hedgehog signaling pathway: emerging new paradigms,,1,Primary,0,0,,0,Fruit flies,"Akyala AI, Peppelenbosch MP.",1,2,0,"Nasarawa State University Keffi Nasarawa, Nigeria",Other Institutions,79,,,,,1,1,,,1,Netherlands,,,TETFUND,1,1,,,,,,,,,,,,,,,,
77,35,Nigeria,West Africa,2018,Pestic Biochem Physiol. 2018 Feb;145:39-45. doi: 10.1016/j.pestbp.2018.01.002. Epub 2018 Jan 11.,,"Garcinia kola seed biflavonoid fraction (Kolaviron), increases longevity and attenuates rotenone-induced toxicity in Drosophila melanogaster",,1,Primary,1,0,USA,0,Fruit flies,"Farombi EO, Abolaji AO, Farombi TH, Oropo AS, Owoje OA, Awunah MT.",1,1,0,"University of Ibadan, Nigeria","UI, Nigeria",12,,,,,,,,,0,,,,TETFUND National Research Fund (NRF),1,1,,,,,,,,,,,,,,,,
78,35,Nigeria,West Africa,2018,Food Sci Nutr. 2018 Oct 26;6(8):2177-2187. doi: 10.1002/fsn3.782. eCollection 2018 Nov.,,Effect of dietary inclusions of bitter kola seed on geotactic behavior and oxidative stress markers in Drosophila melanogaster,,1,Primary,1,1,,0,Fruit flies,"Oboh G, Ogunsuyi OB, Ojelade MT, Akomolafe SF.",1,2,1,"Federal University of Technology, Akure, Nigeria","FUT Akure, Nigeria",11,Ekiti State University,"ESU Ado-Ekiti, Nigeria",,,,,,,0,,,,0,0,0,,,,,,,,,,,,,,,,
79,35,Nigeria,West Africa,2018,Neuroscience. 2018 Mar 15;374:323-325. doi: 10.1016/j.neuroscience.2018.01.062. Epub 2018 Feb 8.,,Advancing Neuroscience Research in Africa: Invertebrate Species to the Rescue,,0,Primary,0,0,,0,Fruit flies,"Balogun WG, Cobham AE, Amin A, Seeni A.",0,2,1,"University of Calabar, Nigeria",Other Institutions,79,University of Ilorin,"UI Ibadan, Nigeria",,,1,1,,,1,Malaysia,Australia,Portugal,0,1,2,,,,,,,,,,,,,,,,
80,35,Nigeria,West Africa,2018,Genes (Basel). 2018 Mar 2;9(3):140. doi: 10.3390/genes9030140.,,Pyrethroid Resistance in the Major Malaria Vector Anopheles funestus is Exacerbated by Overexpression and Overactivity of the P450 CYP6AA1 Across Africa,,1,Primary,0,0,USA,1,Fruit flies,"Ibrahim SS, Amvongo-Adjia N, Wondji MJ, Irving H, Riveron JM, Wondji CS.",1,4,0,"Bayero University Kano, Nigeria",Other Institutions,79,,,,,1,1,Cameron,2,3,UK,,,,1,2,,,,,,,Wellcome Trust,WT,UK,Wellcome Trust,WT,UK,,,,
81,35,Nigeria,West Africa,2017,Cell Biochem Funct. 2017 Apr;35(3):164-170. doi: 10.1002/cbf.3259. Epub 2017 Mar 16.,,Dietary consumption of monosodium L-glutamate induces adaptive response and reduction in the life span of Drosophila melanogaster,,1,Primary,1,0,Brasil,0,Fruit flies,"Abolaji AO, Olaiya CO, Oluwadahunsi OJ, Farombi EO.",1,2,1,"University of Ibadan, Nigeria","UI, Nigeria",12,Adekunle Ajasin University,"AAU, Ondo Nigeria",,,,,,,0,,,,0,1,2,,,,,,,,,,,,,,,,
82,35,Nigeria,West Africa,2017,Environ Toxicol Pharmacol. 2017 Oct;55:202-207. doi: 10.1016/j.etap.2017.08.038. Epub 2017 Sep 1.,,"Hesperidin, a citrus bioflavonoid, alleviates trichloroethylene-induced oxidative stress in Drosophila melanogaster",,1,Primary,1,0,Brasil,0,Fruit flies,"Abolaji AO, Babalola OV, Adegoke AK, Farombi EO.",1,1,0,"University of Ibadan, Nigeria","UI, Nigeria",12,,,,,,,,,0,,,,0,1,2,,,,,,,,,,,,,,,,
83,35,Nigeria,West Africa,2016,Metab Brain Dis. 2016 Oct;31(5):1003-10. doi: 10.1007/s11011-016-9876-0. Epub 2016 Jul 22.,,"Sweet old memories: a review of the experimental models of the association between diabetes, senility and dementia",,0,Primary,1,0,,0,Fruit flies,Akinola OB.,1,1,0,"University of Ilorin, Nigeria",Other Institutions,79,,,,,,,,,0,,,,0,1,2,,,,,,,,,,,,,,,,
84,35,Nigeria,West Africa,2016,Neurochem Res. 2016 Jun;41(6):1430-8. doi: 10.1007/s11064-016-1852-x. Epub 2016 Feb 15.,,"Diphenyl Diselenide Protects Against Mortality, Locomotor Deficits and Oxidative Stress in Drosophila melanogaster Model of Manganese-Induced Neurotoxicity",,1,Primary,0,0,USA,0,Fruit flies,"Adedara IA, Abolaji AO, Rocha JB, Farombi EO.",1,1,0,"University of Ibadan, Nigeria","UI, Nigeria",12,,,,,1,1,,,1,Brazil,,,,1,2,,,,,,,The World Academy of Sciences,TWAS,Italy,,,,,,,
85,35,Nigeria,West Africa,2015,Redox Biol. 2015 Aug;5:328-339. doi: 10.1016/j.redox.2015.06.001. Epub 2015 Jun 4.,,"Ovotoxicants 4-vinylcyclohexene 1,2-monoepoxide and 4-vinylcyclohexene diepoxide disrupt redox status and modify different electrophile sensitive target enzymes and genes in Drosophila melanogaster",,1,Primary,0,0,USA,0,Fruit flies,"Abolaji AO, Kamdem JP, Lugokenski TH, Farombi EO, Souza DO, da Silva Loreto Ã‰L, Rocha JBT.",1,4,1,"University of Ibadan, Nigeria","UI, Nigeria",12,,,,,1,1,,,1,Brazil,,,,1,2,,,,,,,The World Academy of Sciences,TWAS,Italy,CAPES,CAPES,Brazil,FAPERGS,FAPERGS,Portugal,Rede Brasileira de Neurociências
86,35,Nigeria,West Africa,2015,J Trace Elem Med Biol. 2015 Oct;32:52-9. doi: 10.1016/j.jtemb.2015.05.003. Epub 2015 May 22.,,Influence of diphenyl diselenide on chlorpyrifos-induced toxicity in Drosophila melanogaster,,1,Primary,0,0,USA,0,Fruit flies,"Adedara IA, Klimaczewski CV, Barbosa NB, Farombi EO, Souza DO, Rocha JB.",1,1,0,"University of Ibadan, Nigeria","UI, Nigeria",12,,,,,1,1,,,1,Brazil,,,,1,2,,,,,,,The World Academy of Sciences,TWAS,Italy,FAPERGS-PRONEX-CNPQ,,,CNP-SWB,CNP-SWB,Indonesia,
88,35,Nigeria,West Africa,2014,Free Radic Biol Med. 2014 Jun;71:99-108. doi: 10.1016/j.freeradbiomed.2014.03.014. Epub 2014 Mar 26.,,Involvement of oxidative stress in 4-vinylcyclohexene-induced toxicity in Drosophila melanogaster,,1,Primary,0,0,USA,0,Fruit flies,"Abolaji AO, Kamdem JP, Lugokenski TH, Nascimento TK, Waczuk EP, Farombi EO, Loreto Ã‰L, Rocha JB.",1,3,0,"University of Ibadan, Nigeria","UI, Nigeria",12,,,,,1,1,,,1,Brazil,,,,1,2,,,,,,,The World Academy of Sciences,TWAS,Italy,CAPES,CAPES,Brazil,FAPERGS,FAPERGS,Portugal,Rede Brasileira de Neurociências
89,35,Nigeria,West Africa,2007,Vector Borne Zoonotic Dis. 2007 Summer;7(2):107-17. doi: 10.1089/vbz.2006.0539.,,"Some aspects of epidemiology of filth flies: Musca domestica, Musca domestica vicina, Drosophilia melanogaster and associated bacteria pathogens in Ekpoma, Nigeria",,1,Primary,1,1,,0,Fruit flies,"Nmorsi OP, Agbozele G, Ukwandu NC.",0,1,0,"Ambrose Alli University, Nigeria",Other Institutions,79,,,,,,,,,0,,,,0,0,0,,,,,,,,,,,,,,,,
90,35,Nigeria,West Africa,2003,Res Microbiol. 2003 Apr;154(3):183-9. doi: 10.1016/S0923-2508(03)00040-8.,,Invasion of insect blood tissue by Xenorhabdus bovienii,,1,Primary,0,0,,0,Fruit flies,Owuama CI.,0,1,0,"Federal University of Technology Yola, Nigeria",Other Institutions,79,,,,,1,1,,,1,Australia,,,0,0,0,,,,,,,,,,,,,,,,
159,35,Nigeria,West Africa,2020,Toxicol Res (Camb),,D-Penicillamine prolongs survival and lessens copper-induced toxicity in Drosophila melanogaster,,1,1,1,0,USA,0,Fruit flies,"Abolaji AO, Fasae KD, Iwezor CE, Farombi EO.",1,1,0,"University of Ibadan, Nigeria","UI, Nigeria",12,,,,,,,,,0,,,,,0,0,,,,,,,,,,,,,,,,
160,35,Nigeria,West Africa,2020,J Basic Clin Physiol Pharmacol,,Solanum leaves extracts exhibit antioxidant properties and inhibit monoamine oxidase and acetylcholinesterase activities (in vitro) in Drosophila melanogaster,,1,1,1,0,USA,0,Fruit flies,"Ogunsuyi OB, Ademiluyi AO, Oboh G.",1,1,0,"Federal University of Technology, Akure, Nigeria","FUT Akure, Nigeria",11,,,,,,,,,0,Belgium,,,,0,0,,,,,,,,,,,,,,,,
87,35,Nigeria,West Africa,2014,J Insect Sci. 2014;14:126. doi: 10.1093/jis/14.1.126.,,"Effect of temperature on the development and survival of immature stages of the carambola fruit fly, Bactrocera carambolae, and the Asian papaya fruit fly, Bactrocera papayae, reared on guava diet",,1,Primary,0,1,,0,Fruit flies,"Danjuma S, Thaochan N, Permkam S, Satasook C.",0,1,0,"Ibrahim Badamasi Babangida University, Nigeria",Other Institutions,79,,,,,1,1,,,1,Thailand,,,"Education Trust Fund (ETF), Nigeria",1,1,ETF Nigeria,ETF Nigeria, Nigeria,,,,,,,,,,,,,
92,44,South Africa,Southaern Africa,2020,Behav Brain Res,,Dopaminergic and serotonergic modulation of social reward appraisal in zebrafish (Danio rerio) under circumstances of motivational conflict: Towards a screening test for anti-compulsive drug action,,1,Primary,1,0,Singapore,0,Zebrafish,,1,1,,"North-West University, South Africa",NWU South Africa,6,,,,,1,1,,,1,Germany,,,,0,0,,,,,,,,,,,,,,,,
93,44,South Africa,Southaern Africa,2020,Sci Rep,,"Polyethylene glycol (5,000) succinate conjugate of lopinavir and its associated toxicity using Danio rerio as a model organism",,1,Primary,1,1,,0,Zebrafish,,0,1,,"North-West University, South Africa",NWU South Africa,6,,,,,,,,,0,,,,2,1,1,Sasol Inzalo Foundation,"SIF, South Africa",South Africa,National Research Foundation South Africa ,"NRF, South Africa ",South Africa ,,,,,,,,,,
94,44,South Africa,Southaern Africa,2019,,,How toxic is a non-toxic nanomaterial: Behaviour as an indicator of effect in Danio rerio exposed to nanogold,,1,Primary,1,1,,0,Zebrafish,"Botha TL, Brand SJ, Ikenaka Y, Nakayama SMM, Ishizuka M, Wepener V.",0,2,1,"North-West University, South Africa",NWU South Africa,6,University of Johannesburg,"UOJ Johannesburg, South Africa",,,1,1,,,1,Japan,,,4,1,3,"North-West University, South Africa",NWU South Africa,,,,,"Ministry of Education, Culture, Sports, Science and
Technology of Japan",MECSST Japan,Japan,The foundation of JSPS Core to Core Program,JSPSCCP,Japan,"Bilateral Joint
Research Project",,,
95,44,South Africa,Southaern Africa,2019,Environ Monit Assess,,"Cultivable bacterial diversity, physicochemical profiles, and toxicity determination of car wash effluents",,1,Primary,1,1,,0,Zebrafish,,0,1,,"University of South Africa, South Africa",Other Institutions,79,,,,,1,,Namibia,2,2,,,,1,1,1,University of South Africa,USA South Africa,South Africa,,,,,,,,,,,,,
96,44,South Africa,Southaern Africa,2019,Toxicol Lett,,Effect of pH on the toxicity of fumonisins towards the RTL-W1 cell line and zebrafish (Danio rerio) embryos,,1,Primary,1,1,,0,Zebrafish,,0,1,,"Tshwane University of Technology, South Africa",Other Institutions,79,,,,,1,1,,,1,Germany,,,2,1,1,The South African Maize Trust,SAMT South Africa,South Africa,Tshwane University of Technology,"TUT, South Africa ",South Africa ,,,,,,,,,,
109,44,South Africa,Southaern Africa,2013,Acta Histochem,,DNA and RNA pattern of staining during oogenesis in zebrafish (Danio rerio): a confocal microscopy study,,1,Primary,1,1,,0,Zebrafish,,0,1,,"Walter Sisulu University, South Africa",Other Institutions,79,,,,,,,,,0,,,,2,1,1,National Research Foundation (NRF) of South Africa,NRFSA South Africa,South Africa,University of the Witwatersrand,"UW, South Africa ",South Africa ,,,,,,,,,,
112,44,South Africa,Southaern Africa,2012,Acta Histochem,,Spectrin labeling during oogenesis in zebrafish (Danio rerio),,1,Primary,1,1,UK,0,Zebrafish,,0,2,1,"Walter Sisulu University, South Africa",Other Institutions,79,University of the Witwatersrand,"UW Witwatersrand, South Africa",,,,,,,0,,,,2,1,1,National Research Foundation (NRF) of South Africa,NRFSA South Africa,South Africa,University of the Witwatersrand,"UW, South Africa ",South Africa ,,,,,,,,,,
161,44,South Africa,Southaern Africa,2020,Aquat Toxicol,,Acute exposure to environmentally relevant lead levels induces oxidative stress and neurobehavioral alterations in larval zebrafish (Danio rerio),,1,1,1,1,,0,Zebrafish,"Kataba A, Botha TL, Nakayama SMM, Yohannes YB, Ikenaka Y, Wepener V, Ishizuka M.",1,4,0,"North-West University, South Africa",NWU South Africa,6,,,,,,,,,0,UK,Germany,,,0,0,,,,,,,,,,,,,,,,
97,44,South Africa,Southaern Africa,2019,Comp Biochem Physiol A Mol Integr Physiol. 2019 Oct;236:110532. doi: 10.1016/j.cbpa.2019.110532. Epub 2019 Jul 24.,,Exploring thermal flight responses as predictors of flight ability and geographic range size in Drosophila,,1,primary,1,1,,0,Fruit flies,"De Araujo LI, Karsten M, Terblanche JS.",0,1,0,"Stellenbosch University, South Africa","SU, South Africa",9,,,,,0,,,,0,,,,,0,2,,,,,,,"DST-NRF Centre of Excellence for Invasion Biology (C?I?B), Stellenbosch University, South Africa.",,,SATI,,,,,,
99,44,South Africa,Southaern Africa,2018,J Insect Physiol,,A transcriptomics assessment of oxygen-temperature interactions reveals novel candidate genes underlying variation in thermal tolerance and survival,,1,primary,1,1,0,0,Fruit flies,"Boardman L, Mitchell KA, Terblanche JS, SÃ¸rensen JG.",0,2,0,"Stellenbosch University, South Africa","SU, South Africa",9,,,,,1,1,,,1,denmark,,,,0,0,,,,,,,,,,,,,,,,
101,44,South Africa,Southaern Africa,2017,PLoS One. 2017 Sep 13;12(9):e0183858. doi: 10.1371/journal.pone.0183858. eCollection 2017.,,"Hsp70/J-protein machinery from Glossina morsitans morsitans, vector of African trypanosomiasis",,1,primary,1,,,,Fruit flies,"Bentley SJ, Boshoff A.",0,2,0,"Rhodes University, South Africa",Other Institutions,79,,,,,1,,,,0,,,,,1,1,National Research Foundation (NRF) of South Africa,NRFSA South Africa,South Africa,,,,,,,,,,,,,
102,44,South Africa,Southaern Africa,2016,J Evol Biol. 2011 Sep;24(9):1927-38. doi: 10.1111/j.1420-9101.2011.02324.x. Epub 2011 Jun 10.,,Basal cold but not heat tolerance constrains plasticity among Drosophila species (Diptera: Drosophilidae),,1,primary,1,1,canada,0,Fruit flies,"Nyamukondiwa C, Terblanche JS, Marshall KE, Sinclair BJ.",1,2,0,"Stellenbosch University, South Africa","SU, South Africa",9,,,,,1,,,,0,,,,,1,1,National Research Foundation (NRF) of South Africa,NRFSA South Africa,South Africa,,,,,,,,,,,,,
104,44,South Africa,Southaern Africa,2015,Int J Mol Sci. 2015 May 6;16(5):10242-66. doi: 10.3390/ijms160510242.,,The Drosophila retinoblastoma binding protein 6 family member has two isoforms and is potentially involved in embryonic patterning,,1,primary,1,1,0,0,Fruit flies,"Hull R, Oosthuysen B, Cajee UF, Mokgohloa L, Nweke E, Antunes RJ, Coetzer TH, Ntwasa M.",1,2,1,"University of the Witwatersrand, South Africa",Other Institutions,79,University of KwaZulu-Natal (Pietermaritzburg campus),,,,0,,,,0,,,,,0,2,,,,,,,The Carnegie Corporation Transformation Program,,,,,,,,,
105,44,South Africa,Southaern Africa,2015,Eur J Neurosci. 2015 May;41(9):1113-25. doi: 10.1111/ejn.12872. Epub 2015 Mar 11.,,"Evidence for a common biological pathway linking three Parkinson's disease-causing genes: parkin, PINK1 and DJ-1",,1,review,1,,,,Fruit flies,"van der Merwe C, Jalali Sefid Dashti Z, Christoffels A, Loos B, Bardien S.",1,2,1,"Stellenbosch University, South Africa","SU, South Africa",9,University of the Western Cape.,,,,0,,,,0,,,,,1,1,South African Medical Research council,MRC South Africa,South Africa,Harry Crossley Foundation,,,,,,,,,,,,
106,44,South Africa,Southaern Africa,2014,PLoS Negl Trop Dis. 2014 Apr 24;8(4):e2663. doi: 10.1371/journal.pntd.0002663. eCollection 2014 Apr.,,Odorant and gustatory receptors in the tsetse fly Glossina morsitans morsitans,,1,review,1,,,,Fruit flies,"Obiero GF, Mireji PO, Nyanjom SR, Christoffels A, Robertson HM, Masiga DK.",1,4,0,"University of the Western Cape, Bellville, South Africa",Other Institutions,79,,,,,1,1,Kenya,2,3,kenya,USA,,,1,3,National Research Foundation (NRF) of South Africa,NRFSA South Africa,South Africa,,,,German Academic Exchange Service,DAAD,Germany,,,,,,,
107,44,South Africa,Southaern Africa,2014,Front Genet. 2014 Aug 6;5:264. doi: 10.3389/fgene.2014.00264. eCollection 2014.,,The use of semantic similarity measures for optimally integrating heterogeneous Gene Ontology data from large scale annotation pipelines,,1,primary,1,,,,Fruit flies,"Mazandu GK, Mulder NJ.",0,1,0,"University of Cape Town, South Africa",Other Institutions,79,,,,,0,,,,0,,,,,1,1,National Research Foundation (NRF) of South Africa,NRFSA South Africa,South Africa,,,,,,,,,,,,,
110,44,South Africa,Southaern Africa,2013,Naturwissenschaften. 2013 Mar;100(3):281-4. doi: 10.1007/s00114-013-1023-8. Epub 2013 Feb 23.,,Ontogenetic variation in cold tolerance plasticity in Drosophila: is the Bogert effect bogus?,,1,primary,1,1,,0,Fruit flies,"Mitchell KA, Sinclair BJ, Terblanche JS.",1,1,0,"Stellenbosch University, South Africa","SU, South Africa",9,,,,,0,,,,0,,,,,0,0,,,,,,,,,,,,,,,,
113,44,South Africa,Southaern Africa,2011,J Exp Biol. 2011 Nov 15;214(Pt 22):3713-25. doi: 10.1242/jeb.061283.,,Ecologically relevant measures of tolerance to potentially lethal temperatures,,1,review,1,0,,,Fruit flies,"Terblanche JS, Hoffmann AA, Mitchell KA, Rako L, le Roux PC, Chown SL.",0,1,,"Stellenbosch University, South Africa","SU, South Africa",9,,,,,,,,,0,,,,,0,0,,,,,,,,,,,,,,,,
115,44,South Africa,Southaern Africa,2010,Biol Rev Camb Philos Soc. 2010 Feb;85(1):139-69. doi: 10.1111/j.1469-185X.2009.00097.x. Epub 2009 Dec 10.,,Body size variation in insects: a macroecological perspective,,1,review,1,0,0,0,Fruit flies,"Chown SL, Gaston KJ.",0,2,0,"Stellenbosch University, South Africa","SU, South Africa",9,,,,,1,1,,,1,UK,,,,0,0,,,,,,,,,,,,,,,,
116,44,South Africa,Southaern Africa,2010,Anticancer Drugs. 2010 Nov;21(10):945-57. doi: 10.1097/CAD.0b013e32833e2f60.,,Glycolytic flux occurs in Drosophila melanogaster recovering from camptothecin treatment,,1,primary,1,1,,0,Fruit flies,"Hull R, Ntwasa MM.",0,1,0,"University of the Witwatersrand, South Africa",Other Institutions,79,,,,,1,1,,,1,canada,,,,1,2,,,,NSERC Discovery grants to BJS,,,Canadian Foundation for Innovation,,,Foreign Affairs and International Trade Canada (DFAIT) grant to CN,,,,,,
119,44,South Africa,Southaern Africa,2006,Oecologia. 2006 Aug;149(2):245-55. doi: 10.1007/s00442-006-0434-z. Epub 2006 Jun 14.,,Body size patterns in Drosophila inhabiting a mesocosm: interactive effects of spatial variation in temperature and abundance,,1,primary,1,1,,0,Fruit flies,"Warren M, McGeoch MA, Nicolson SW, Chown SL.",0,1,0,"University of Pretoria, South Africa",UP South Africa,6,,,,,,,,,0,,,,,1,3,South African Medical Research council,MRC South Africa,South Africa,,,,Griffin Cancer Trust.,GCT UK,UK,,,,,,,
120,44,South Africa,Southaern Africa,2005,Biochim Biophys Acta. 2005 Mar 10;1727(3):169-76. doi: 10.1016/j.bbaexp.2005.01.002. Epub 2005 Jan 28.,,"SNAMA, a novel protein with a DWNN domain and a RING finger-like motif: a possible role in apoptosis",,1,primary,1,0,uk,1,Fruit flies,"Mather A, Rakgotho M, Ntwasa M.",0,1,0,"University of the Witwatersrand, South Africa",Other Institutions,79,,,,,0,,,,0,,,,,1,1,National Research Foundation (NRF) of South Africa,NRFSA South Africa,South Africa,,,,,,,,,,,,,
121,44,South Africa,Southaern Africa,2004,Cell Mol Life Sci. 2004 Nov;61(21):2677-86. doi: 10.1007/s00018-004-4239-0.,,Structure of angiotensin I-converting enzyme,,1,review,1,,,,Fruit flies,"Sturrock ED, Natesh R, van Rooyen JM, Acharya KR.",0,2,0,"University of Cape Town, South Africa",Other Institutions,79,,,,,1,1,,,1,UK,,,,1,3,National Research Foundation (NRF) of South Africa,NRFSA South Africa,South Africa,,,,Wellcome Trust,WT,UK,,,,,,,
91,44,South Africa,Southaern Africa,2020,Sci Rep,,Oxygen consumption rate of Caenorhabditis elegans as a high-throughput endpoint of toxicity testing using the Seahorse XF(e)96 Extracellular Flux Analyzer,,1,Primary,1,0,USA,1,C. elegans,,0,6,2,"North-West University, South Africa",NWU South Africa,6,Agricultural Research Council,ARC South Africa,,,1,1,,,1,Germany,Czech Republic,,,0,0,,,,,,,,,,,,,,,,
98,44,South Africa,Southaern Africa,2018,J Toxicol,,Sublethal Effects of Ionic and Nanogold on the Nematode Caenorhabditis elegans,,1,Primary,1,0,USA,1,C. elegans,,0,1,0,"North-West University, South Africa",NWU South Africa,6,,,,,,,,,0,,,,2,1,1,National Research Foundation (NRF) of South Africa,NRFSA South Africa,South Africa,Department of Science and Technology’s Nanogold Research Programme.,DSTNRP,,,,,,,,,,,
100,44,South Africa,Southaern Africa,2017,BMC Vet Res,,The use of primary murine fibroblasts to ascertain if Spirocerca lupi secretory/excretory protein products are mitogenic ex vivo,,1,Primary,1,1,,0,C. elegans,,0,1,,"University of Pretoria, South Africa",UP South Africa,6,,,,,,,,,0,,,,2,1,1,National Research Foundation (NRF) of South Africa,NRFSA South Africa,South Africa,University of Pretoria ,"UP, South Africa ",South Africa ,,,,,,,,,,
103,44,South Africa,Southaern Africa,2015,Front Pharmacol,,"Antimicrobial, Anthelmintic Activities and Characterisation of Functional Phenolic Acids of Achyranthes aspera Linn.: A Medicinal Plant Used for the Treatment of Wounds and Ringworm in East Africa",,1,Primary,1,1,,1,C. elegans,,0,2,1,"University of KwaZulu-Natal, South Africa",Other Institutions,79,Agricultural Research Council,ARC South Africa,,,1,1,,,1,Palack? University,Czech Republic,,4,1,3,National Research Foundation (NRF) of South Africa,NRFSA South Africa,South Africa," University of
KwaZulu-Natal, South Africa ","UKNSA, South Africa ",South Africa ,"Ministry of Education
Youth and Sports, Czech Republic",MEYS Czech Republic,Czech Republic,Palacky University,PU,Czech Republic,,,,
108,44,South Africa,Southaern Africa,2013,Comp Biochem Physiol Part D Genomics Proteomics,,The Leu-Arg-Glu (LRE) adhesion motif in proteins of the neuromuscular junction with special reference to proteins of the carboxylesterase/cholinesterase family,,1,Primary,1,3,,,C. elegans,,0,1,,"Stellenbosch University, South Africa","SU, South Africa",9,,,,,,,,,0,,,,2,1,1,National Research Foundation (NRF) of South Africa,NRFSA South Africa,South Africa,Medical Research Council of South Africa,MRC South Africa ,South Africa ,,,,,,,,,,
111,44,South Africa,Southaern Africa,2012,J Ethnopharmacol,,"Pharmacological, genotoxic and phytochemical properties of selected South African medicinal plants used in treating stomach-related ailments",,1,Primary,1,1,,0,C. elegans,,0,1,,"University of KwaZulu-Natal, South Africa",Other Institutions,79,,,,,,,,,0,,,,2,1,1,National Research Foundation (NRF) of South Africa,NRFSA South Africa,South Africa,University of KwaZulu-Natal ,"UKN, South Africa ",,,,,,,,,,,
114,44,South Africa,Southaern Africa,2010,J Ethnopharmacol,,"In vitro antimicrobial, anthelmintic and cyclooxygenase-inhibitory activities and phytochemical analysis of Leucosidea sericea",,1,Primary,1,1,,1,C. elegans,,0,1,,"University of KwaZulu-Natal, South Africa",Other Institutions,79,,,,,1,1,,,1,Australia,,,2,1,1,National Research Foundation (NRF) of South Africa,NRFSA South Africa,South Africa,University of KwaZulu-Natal,"UKN, South Africa ",,,,,,,,,,,
117,44,South Africa,Southaern Africa,2009,Onderstepoort J Vet Res,,Curtisia dentata (Cornaceae) leaf extracts and isolated compounds inhibit motility of parasitic and free-living nematodes,,1,Primary,1,1,,0,C. elegans,,0,3,1,"University of Pretoria, South Africa",UP South Africa,6,University of Limpopo,UL Limpopo South Africa,University of South Africa,USA,,,,,0,,,,2,1,1,National Research Foundation (NRF) of South Africa,NRFSA South Africa,South Africa,Claude Leon Foundation,"CLF, South Africa ",South Africa ,,,,,,,,,,
118,44,South Africa,Southaern Africa,2007,Vet J,,"In vitro anthelmintic, antibacterial and cytotoxic effects of extracts from plants used in South African ethnoveterinary medicine",,1,Primary,1,1,,0,C. elegans,,0,2,1,"University of Pretoria, South Africa",UP South Africa,6,ARC-Onderstepoort Veterinary Institute,ARC OVI South Africa,,,,,,,0,,,,2,1,1,National Research Foundation (NRF) of South Africa,NRFSA South Africa,South Africa,University of Pretoria ,"UP, South Africa ",South Africa ,,,,,,,,,,
122,44,South Africa,Southaern Africa,2000,J Ethnopharmacol,,"Antibacterial, anthelmintic and anti-amoebic activity in South African medicinal plants",,1,Primary,1,1,,0,C. elegans,,0,1,,"University of KwaZulu-Natal, South Africa",Other Institutions,79,,,,,,,,,0,,,,,0,0,,,,,,,,,,,,,,,,
162,44,South Africa,Southaern Africa,2020,J Insect Physiol,,"Selection on age of female reproduction in the marula fruit fly, Ceratitis cosyra (Walker) (Diptera: Tephritidae), decreases total antioxidant capacity and lipid peroxidation",,1,1,1,1,,0,Fruit flies,"Malod K, Roets PD, Oosthuizen C, Blount JD, Archer CR, Weldon CW.",0,3,0,"University of Pretoria, South Africa",UP South Africa,6,,,,,,1,,,1,Czechia,,,1,1,1,National Research Foundation ,,South Africa,,,,,,,,,,,,,
163,44,South Africa,Southaern Africa,2020,Front Endocrinol (Lausanne),,"The Adipokinetic Peptides in Diptera: Structure, Function, and Evolutionary Trends",,1,1,1,1,,0,Fruit flies,"Gäde G, Šimek P, Marco HG.",0,2,0,"University of Cape Town, South Africa",Other Institutions,79,,,,,,1,,,1,Germany,,,3,1,3,the National Research Foundation ,,South Africa,University of Cape Town,,South Africa,the Czech Science Foundation,,Czech,,,,,,,
164,44,South Africa,Southaern Africa,2020,Sci Rep,,Exploring the role of host specialisation and oxidative stress in interspecific lifespan variation in subtropical tephritid flies,,1,1,1,1,,0,Fruit flies,"Malod K, Archer CR, Karsten M, Cruywagen R, Howard A, Nicolson SW, Weldon CW.",0,3,1,"University of Pretoria, South Africa",UP South Africa,6,Stellenbosch University,,,,,1,,,1,,,,1,1,1,National Research Foundation,,South Africa,,,,,,,,,,,,,
165,44,South Africa,Southaern Africa,2020,Bull Entomol Res,,Comparative demography of Bactrocera dorsalis (Hendel) and Ceratitis capitata (Wiedemann) (Diptera: Tephritidae) on deciduous fruit,,1,1,1,1,,0,Fruit flies,"Pieterse W, Manrakhan A, Terblanche JS, Addison P.",0,2,1,"Stellenbosch University, South Africa","SU, South Africa",9,Citrus Research International,,,,,,,,0,,,,,0,0,,,,,,,,,,,,,,,,
167,48,Tanzania,East Africa,2020,Toxicon,,Isolation of the Tephrosia vogelii extract and rotenoids and their toxicity in the RTgill-W1 trout cell line and in zebrafish embryos,,1,1,0,0,Norway,0,Zebrafish,"Said AH, Solhaug A, Sandvik M, Msuya FE, Kyewalyanga MS, Mmochi AJ, Lyche JL, Hurem S.",0,4,1,The University of Dodoma,Other Institutions,79,University of Dar es Salaam,,,,,1,,,1,Germany,,,1,1,2,,,,,,,Norwegian Agency for Development Cooperation,NORAD,Norway,,,,,,,
166,48,Tanzania,East Africa,2020,Neurotoxicology,,Ameliorative effects of flavonoids and polyketides on the rotenone induced Drosophila model of Parkinson's disease,,1,1,1,0,Spain,1,Fruit flies,"Siima AA, Stephano F, Munissi JJE, Nyandoro SS.",1,1,0,University of Dar es Salaam,Other Institutions,79,,,,,,,,,0,Norway,,,1,1,1,University of Dar es Salaam,UDSM,,,,,,,,,,,,,,
123,48,Tanzania,East Africa,2015,J Insect Sci,,Developmental Biology of Zeugodacus cucurbitae (Diptera: Tephritidae) in Three Cucurbitaceous Hosts at Different Temperature Regimes,,1,Primary,1,1,,0,Fruit flies,Zeugodacus cucurbitae,0,2,1,"LZARDI, Tanzania",Other Institutions,79,"sokoine university of agriculture SUA, Tanzania","SUA Sokoine, Tanzania",,,,,,,0,,,,2,1,3,Government of united republic of tanzania ,GURT Tanzania ,Tanzania,,,,The International Atomic Energy Agency (IAEA) ,IAEA,Austria,,,,,,,
124,48,Tanzania,East Africa,2015,Zookeys,,"Niche partitioning among two Ceratitis rosa morphotypes and other Ceratitis pest species (Diptera, Tephritidae) along an altitudinal transect in Central Tanzania",,1,Primary,1,1,,0,Fruit flies,Ceratitis rosa,0,2,0,"sokoine university of agriculture SUA, Tanzania",SUA Tanzania,5,,,,,1,,,,0,,Belgium,,2,1,2,,,,,,,FAO,FAO,Italy,The International Atomic Energy Agency (IAEA) ,IAEA,Austria,,,,
125,48,Tanzania,East Africa,2014,Bull Entomol Res,,"Dominance of an invasive fruit fly species, Bactrocera invadens, along an altitudinal transect in Morogoro, Eastern Central Tanzania",,1,Primary,1,1,,0,Fruit flies,Bactrocera invadens,0,3,0,"sokoine university of agriculture SUA, Tanzania",SUA Tanzania,5,,,,,1,,,,0,,Belgium,,2,1,2,,,,,,,flemish inter-university council VLIR  ,FIUS,Belgium,Belgium development cooperation,BDC,Belgium,,,,
126,48,Tanzania,East Africa,2012,J Insect Sci,,Indigenous and invasive fruit fly diversity along an altitudinal transect in Eastern Central Tanzania,,1,Primary,1,1,,0,Fruit flies,Diptera tephritidae,0,3,0,"sokoine university of agriculture SUA, Tanzania",SUA Tanzania,5,,,,,1,,,,0,,Belgium,,,0,0,,,,,,,,,,,,,,,,
127,48,Tanzania,East Africa,2010,J Econ Entomol,,"Host use of Bactrocera latifrons, a new invasive tephritid species in Tanzania",,1,Primary,1,1,,0,Fruit flies,Bactrocera latifrons,0,3,0,"sokoine university of agriculture SUA, Tanzania",SUA Tanzania,5,,,,,1,,,,0,,Belgium,,2,1,2,,,,,,,Belgian technical cooperation  ,BTC,Belgium,The International Atomic Energy Agency (IAEA) ,IAEA,Austria,,,,
128,48,Tanzania,East Africa,2009,Bull Entomol Res,,"Host range and distribution of fruit-infesting pestiferous fruit flies (Diptera, Tephritidae) in selected areas of Central Tanzania",,1,Primary,1,1,,0,Fruit flies,Diptera tephritidae,0,3,0,"sokoine university of agriculture SUA, Tanzania",SUA Tanzania,5,,,,,1,,,,0,,Belgium,,1,1,2,,,,,,,Belgium development cooperation,BDC,Belgium,,,,,,,
129,51,Tunisia,North Africa,2020,Dev Genes Evol,,Gene duplication and functional divergence of the zebrafish otospiralin genes,,1,Primary,1,1,,0,Zebrafish,,0,1,0,"Center of Biotechnology of Sfax, Tunisia",Other Institutions,79,,,,,1,1,,,1,Germany,,,2,1,3,Tunisian Ministry for Higher Education and Scientific Research,TMHESR Tunisia,Tunisia,,,,German Ministry for Economic Cooperation and Development ,GMECD,Germany,,,,,,,
138,51,Tunisia,North Africa,2011,Biometals,,Mechanisms underlying the protective effect of zinc and selenium against cadmium-induced oxidative stress in zebrafish Danio rerio,,1,Primary,1,1,,0,Zebrafish,,0,2,1,"Université de Sousse, Tunisia",Other Institutions,79,Université de Monastir,"UM, Monastir Tunisia",,,,,,,0,,,,3,1,1,Tunisian Ministry for Higher Education and Scientific Research,TMHESR Tunisia,Tunisia,University of Sousse,"US, Tunisia",Tunisia,,,,,,,,,,
139,51,Tunisia,North Africa,2011,Chem Biol Interact,,Cadmium-induced ovarian pathophysiology is mediated by change in gene expression pattern of zinc transporters in zebrafish (Danio rerio),,1,Primary,1,1,,0,Zebrafish,,0,2,1,"Université de Sousse, Tunisia",Other Institutions,79,Université de Monastir,"UM, Monastir Tunisia",,,,,,,0,,,,3,1,1,Tunisian Ministry for Higher Education and Scientific Research,TMHESR Tunisia,Tunisia,University of Sousse,"US, Tunisia",Tunisia,,,,,,,,,,
132,51,Tunisia,North Africa,2018,Hum Mutat,,In vitro functional characterization of the novel DHH mutations p.(Asn337Lysfs*24) and p.(Glu212Lys) associated with gonadal dysgenesis,,1,Primary,1,1,,0,Fruit flies,,0,5,1,"University of Tunis El Manar, Tunisia","UT El Manar, Tunisia",5,Charles Nicolle Hospital,CNH Tunisia,,,2,,,,0,,Germany,Germany,1,1,2,,,,,,,"University of luebeck, Germany ",UL,Germany,,,,,,,
130,51,Tunisia,North Africa,2019,Med Biol Eng Comput,,The Helitron family classification using SVM based on Fourier transform features applied on an unbalanced dataset,,1,Primary,1,3,,0,C. elegans,,0,2,1,"University of Tunis El Manar, Tunisia","UT El Manar, Tunisia",5,University of Carthage,"UC Carthage, Tunisia",,,,,,,0,,,,,0,0,,,,,,,,,,,,,,,,
134,51,Tunisia,North Africa,2015,Med Biol Eng Comput,,A new way to visualize DNA's base succession: the Caenorhabditis elegans chromosome landscapes,,1,Primary,1,3,,0,C. elegans,,0,2,1,"University of Tunis El Manar, Tunisia","UT El Manar, Tunisia",5,University of Carthage,"UC Carthage, Tunisia",,,,,,,0,,,,,0,0,,,,,,,,,,,,,,,,
135,51,Tunisia,North Africa,2015,Proteins,,Exploring proteome-wide occurrence of clusters of charged residues in eukaryotes,,1,Primary,1,3,,0,C. elegans,,0,1,0,"Center of Biotechnology of Sfax, Tunisia",Other Institutions,79,,,,,,,,,0,,,,,0,0,,,,,,,,,,,,,,,,
136,51,Tunisia,North Africa,2014,EURASIP J Bioinform Syst Biol,,Wavelet analysis of frequency chaos game signal: a time-frequency signature of the C. elegans DNA,,1,Primary,1,3,,0,C. elegans,,0,2,1,"University of Tunis El Manar, Tunisia","UT El Manar, Tunisia",5,University of Carthage,"UC Carthage, Tunisia",,,,,,,0,,,,,0,0,,,,,,,,,,,,,,,,
131,51,Tunisia,North Africa,2018,PLoS One,,Evaluation of Providencia rettgeri pathogenicity against laboratory Mediterranean fruit fly strain (Ceratitis capitata),,1,Primary,1,1,,1,Fruit flies,,0,2,0,"National centre of nuclear sciences and technologies, Tunisia",Other Institutions,79,,,,,1,,,,0,,France,,,0,0,,,,,,,,,,,,,,,,
133,51,Tunisia,North Africa,2016,Naturwissenschaften,,Characterization of irritans mariner-like elements in the olive fruit fly Bactrocera oleae (Diptera: Tephritidae): evolutionary implications,,1,Primary,1,1,,0,Fruit flies,,0,4,1,"University of Tunis El Manar, Tunisia","UT El Manar, Tunisia",5,University de Tunis,UOT Tunisia,,,2,,,,0,,France,France,2,1,3,Tunisian Ministry for Higher Education and Scientific Research,TMHESR Tunisia,Tunisia,,,,French Ministries of Higher Education and Scientific research,FMHESR,France,,,,,,,
137,51,Tunisia,North Africa,2013,J Econ Entomol,,Fitness improvement of mass-reared sterile males of Ceratitis capitata (Vienna 8 strain) (Diptera: Tephritidae) after gut enrichment with probiotics,,1,Primary,1,1,,1,Fruit flies,,0,1,0,"National centre of nuclear sciences and technologies, Tunisia",Other Institutions,79,,,,,,,,,0,,,,,0,0,,,,,,,,,,,,,,,,
140,52,Uganda,East Africa,2019,BMC Res Notes,,Low concentrations of Lactobacillus rhamnosus GG (Yoba(Â®)) are safe in male Drosophila melanogaster,,1,Primary,1,0,USA,1,Fruit flies,,1,3,2,"Kampala International University, Uganda",Other Institutions,79,Kabale University,KU Uganda,Makerere University,MU,,,,,0,,,,,0,0,,,,,,,,,,,,,,,,
141,52,Uganda,East Africa,2018,Evid Based Complement Alternat Med,,Combined Donepezil and Ethanolic Extract of Propolis Improved Memory Better Than Donepezil and Propolis Monotherapy in Wild Type Drosophila melanogaster,,1,Primary,1,0,USA,0,Fruit flies,,1,2,1,"Kampala International University, Uganda",Other Institutions,79,Augustine international university,AIU Uganda,,,,,,,0,,,,,0,0,,,,,,,,,,,,,,,,
142,52,Uganda,East Africa,2018,BMC Res Notes,,Low concentrations of monosodium glutamate (MSG) are safe in male Drosophila melanogaster,,1,Primary,1,0,USA,1,Fruit flies,,1,2,1,"Kampala International University, Uganda",Other Institutions,79,Makerere University,MU Uganda,,,,,,,0,,,,,0,0,,,,,,,,,,,,,,,,
168,52,Uganda,East Africa,2020,J Complement Integr Med,,Synergistic action of propolis with levodopa in the management of Parkinsonism in Drosophila melanogaster,,1,1,1,0,USA,1,Fruit flies,"Ayikobua ET, Kasolo J, Kasozi KI, Eze ED, Safiriyu A, Ninsiima HI, Kiyimba K, Namulema J, Jjesero E, Ssempijja F, Semuyaba I, Mwandah DC, Kimanje KR, Kalange M, Okpanachi AO, Nansunga M.",1,7,1,"Soroti University, Busitema University, Kampala International University, Makerere University, Kabale University,St. Augustine International University",Other Institutions,79,,,,,,,,2,2,,,,1,1,1,Kampala International University,,,,,,,,,,,,,,,
143,52,Uganda,East Africa,2009,PLoS One,,Searching for new clues about the molecular cause of endomyocardial fibrosis by way of in silico proteomics and analytical chemistry,,1,Primary,1,3,,0,C. elegans,,0,1,0,"Makerere University, Uganda",Other Institutions,79,,,,,,,,,0,,,,,0,0,,,,,,,,,,,,,,,,
145,54,Zimbabwe,Southaern Africa,2017,Chemosphere,,"Vitellogenin induction and reduced fecundity in zebrafish exposed to effluents from the City of Bulawayo, Zimbabwe",,1,Primary,1,1,,0,Zebrafish,,0,1,0,"National University of Science and Technology, Zimbabwe",Other Institutions,79,,,,,,,,,0,,,,1,1,2,,,,,,,Uppsala University,,,,,,,,,
144,54,Zimbabwe,Southaern Africa,2019,Sci Rep,,"Fruit fly identification, population dynamics and fruit damage during fruiting seasons of sweet oranges in Rusitu Valley, Zimbabwe",,1,Primary,1,1,,0,Fruit flies,,0,4,0,"Chinhoyi University of Technology, Zimbabwe",Other Institutions,79,,,,,1,1,,,1,Portugal,,,1,1,2,,,,,,,Porto neurosciences and neurologic disease research initiative,PNNDRI,Portugal,,,,,,,
